length_text,samples,models,percentiles,mi_accuracy,mi_f1_score,mi_auc,mrmr_accuracy,mrmr_f1_score,mrmr_auc,mi_mrmr_accuracy,mi_mrmr_f1_score,mi_mrmr_auc,pca_accuracy,pca_f1_score,pca_auc,mi_params,mrmr_params,mi_mrmr_params,pca_params
10,subsample_8.csv,lr,10,0.713571429,0.685490196,0.713571429,0.715714286,0.6885759,0.715714286,0.711071429,0.683117901,0.711071429,0.72,0.702880243,0.72,"{'C': 100, 'max_iter': 1000}","{'C': 1000, 'max_iter': 1000}","{'C': 10, 'max_iter': 1000}","{'C': 10, 'max_iter': 1000}"
10,subsample_9.csv,lr,10,0.7175,0.685487078,0.7175,0.725357143,0.693503388,0.725357143,0.709285714,0.682527301,0.709285714,0.717857143,0.70068199,0.717857143,"{'C': 100, 'max_iter': 1000}","{'C': 1000, 'max_iter': 1000}","{'C': 10, 'max_iter': 1000}","{'C': 1, 'max_iter': 1000}"
10,subsample_7.csv,lr,10,0.724285714,0.694378464,0.724285714,0.724285714,0.692185008,0.724285714,0.719285714,0.68858954,0.719285714,0.720952381,0.702839757,0.720952381,"{'C': 10, 'max_iter': 1000}","{'C': 100, 'max_iter': 1000}","{'C': 10, 'max_iter': 1000}","{'C': 1, 'max_iter': 1000}"
10,subsample_6.csv,lr,10,0.726071429,0.693322671,0.726071429,0.728571429,0.695756605,0.728571429,0.713571429,0.684748428,0.713571429,0.715238095,0.699043785,0.715238095,"{'C': 1000, 'max_iter': 1000}","{'C': 100, 'max_iter': 1000}","{'C': 100, 'max_iter': 1000}","{'C': 1, 'max_iter': 1000}"
10,subsample_10.csv,lr,10,0.719285714,0.681006494,0.719285714,0.721071429,0.689216076,0.721071429,0.718928571,0.689301224,0.718928571,0.720952381,0.702084392,0.720952381,"{'C': 1000, 'max_iter': 1000}","{'C': 100, 'max_iter': 1000}","{'C': 100, 'max_iter': 1000}","{'C': 1, 'max_iter': 1000}"
10,subsample_4.csv,lr,10,0.726071429,0.695514093,0.726071429,0.726785714,0.696789536,0.726785714,0.716428571,0.68715524,0.716428571,0.721666667,0.703525235,0.721666667,"{'C': 100, 'max_iter': 1000}","{'C': 100, 'max_iter': 1000}","{'C': 100, 'max_iter': 1000}","{'C': 1, 'max_iter': 1000}"
10,subsample_5.csv,lr,10,0.718571429,0.682001614,0.718571429,0.7225,0.691544264,0.7225,0.713214286,0.684231223,0.713214286,0.721666667,0.701404853,0.721666667,"{'C': 1000, 'max_iter': 1000}","{'C': 1000, 'max_iter': 1000}","{'C': 10, 'max_iter': 1000}","{'C': 100, 'max_iter': 1000}"
10,subsample_1.csv,lr,10,0.713571429,0.680986476,0.713571429,0.717142857,0.688923802,0.717142857,0.71,0.683800623,0.71,0.719285714,0.700837351,0.719285714,"{'C': 1000, 'max_iter': 1000}","{'C': 1000, 'max_iter': 1000}","{'C': 100, 'max_iter': 1000}","{'C': 1, 'max_iter': 1000}"
10,subsample_2.csv,lr,10,0.725714286,0.693535515,0.725714286,0.728928571,0.696278511,0.728928571,0.724642857,0.695617844,0.724642857,0.72547619,0.706839563,0.72547619,"{'C': 1000, 'max_iter': 1000}","{'C': 1000, 'max_iter': 1000}","{'C': 100, 'max_iter': 1000}","{'C': 10, 'max_iter': 1000}"
10,subsample_3.csv,lr,10,0.722142857,0.692003167,0.722142857,0.721785714,0.691240587,0.721785714,0.713214286,0.686205549,0.713214286,0.719761905,0.700737351,0.719761905,"{'C': 100, 'max_iter': 1000}","{'C': 100, 'max_iter': 1000}","{'C': 100, 'max_iter': 1000}","{'C': 1, 'max_iter': 1000}"
10,subsample_8.csv,rfc,10,0.715357143,0.677458519,0.715357143,0.716785714,0.683433134,0.716785714,0.713928571,0.681510934,0.713928571,0.717857143,0.705590062,0.717857143,"{'max_depth': 10, 'n_estimators': 100}","{'max_depth': 5, 'n_estimators': 50}","{'max_depth': 10, 'n_estimators': 10}","{'max_depth': 10, 'n_estimators': 50}"
10,subsample_9.csv,rfc,10,0.726071429,0.69258517,0.726071429,0.7325,0.706389651,0.7325,0.712142857,0.678371907,0.712142857,0.720238095,0.717344239,0.720238095,"{'max_depth': 5, 'n_estimators': 100}","{'max_depth': 10, 'n_estimators': 100}","{'max_depth': 5, 'n_estimators': 10}","{'max_depth': 10, 'n_estimators': 50}"
10,subsample_7.csv,rfc,10,0.731785714,0.697543294,0.731785714,0.730357143,0.693711968,0.730357143,0.725714286,0.693290735,0.725714286,0.723095238,0.707715506,0.723095238,"{'max_depth': 10, 'n_estimators': 50}","{'max_depth': 10, 'n_estimators': 50}","{'max_depth': 10, 'n_estimators': 100}","{'max_depth': 10, 'n_estimators': 100}"
10,subsample_6.csv,rfc,10,0.728928571,0.695303091,0.728928571,0.731428571,0.694060212,0.731428571,0.726428571,0.69579031,0.726428571,0.716190476,0.700502513,0.716190476,"{'max_depth': 5, 'n_estimators': 50}","{'max_depth': 5, 'n_estimators': 100}","{'max_depth': 10, 'n_estimators': 50}","{'max_depth': 10, 'n_estimators': 100}"
10,subsample_10.csv,rfc,10,0.7275,0.690215185,0.7275,0.723214286,0.69524184,0.723214286,0.726428571,0.689123377,0.726428571,0.714285714,0.716177862,0.714285714,"{'max_depth': 5, 'n_estimators': 100}","{'max_depth': 10, 'n_estimators': 50}","{'max_depth': 5, 'n_estimators': 100}","{'max_depth': 5, 'n_estimators': 100}"
10,subsample_4.csv,rfc,10,0.733214286,0.698668818,0.733214286,0.728928571,0.695058256,0.728928571,0.721785714,0.69887901,0.721785714,0.720714286,0.710584752,0.720714286,"{'max_depth': 5, 'n_estimators': 100}","{'max_depth': 5, 'n_estimators': 50}","{'max_depth': 10, 'n_estimators': 100}","{'max_depth': 10, 'n_estimators': 100}"
10,subsample_5.csv,rfc,10,0.724285714,0.686433794,0.724285714,0.727857143,0.691247974,0.727857143,0.720357143,0.690391459,0.720357143,0.723333333,0.71108901,0.723333333,"{'max_depth': 5, 'n_estimators': 100}","{'max_depth': 5, 'n_estimators': 100}","{'max_depth': 10, 'n_estimators': 50}","{'max_depth': 10, 'n_estimators': 100}"
10,subsample_1.csv,rfc,10,0.719285714,0.688342585,0.719285714,0.727857143,0.690997567,0.727857143,0.715357143,0.685104702,0.715357143,0.721904762,0.709308113,0.721904762,"{'max_depth': 10, 'n_estimators': 100}","{'max_depth': 5, 'n_estimators': 100}","{'max_depth': 5, 'n_estimators': 100}","{'max_depth': 10, 'n_estimators': 100}"
10,subsample_2.csv,rfc,10,0.731071429,0.696493349,0.731071429,0.729642857,0.693149574,0.729642857,0.731428571,0.693811075,0.731428571,0.721428571,0.714215926,0.721428571,"{'max_depth': 5, 'n_estimators': 100}","{'max_depth': 10, 'n_estimators': 50}","{'max_depth': 5, 'n_estimators': 100}","{'max_depth': 10, 'n_estimators': 100}"
10,subsample_3.csv,rfc,10,0.730357143,0.69470279,0.730357143,0.721428571,0.693637078,0.721428571,0.7225,0.68707209,0.7225,0.718095238,0.706057597,0.718095238,"{'max_depth': 10, 'n_estimators': 100}","{'max_depth': 5, 'n_estimators': 10}","{'max_depth': 10, 'n_estimators': 50}","{'max_depth': 10, 'n_estimators': 100}"
10,subsample_8.csv,xgbc,10,0.717857143,0.682475884,0.717857143,0.721428571,0.686998395,0.721428571,0.711071429,0.680110716,0.711071429,0.71952381,0.7055,0.71952381,"{'max_depth': 3, 'n_estimators': 50}","{'max_depth': 3, 'n_estimators': 50}","{'max_depth': 5, 'n_estimators': 10}","{'max_depth': 3, 'n_estimators': 100}"
10,subsample_9.csv,xgbc,10,0.727857143,0.692493947,0.727857143,0.731428571,0.695546559,0.731428571,0.716428571,0.683917197,0.716428571,0.719761905,0.714528256,0.719761905,"{'max_depth': 3, 'n_estimators': 50}","{'max_depth': 3, 'n_estimators': 50}","{'max_depth': 3, 'n_estimators': 100}","{'max_depth': 3, 'n_estimators': 50}"
10,subsample_7.csv,xgbc,10,0.731785714,0.694093686,0.731785714,0.734285714,0.697560976,0.734285714,0.720714286,0.68943606,0.720714286,0.718571429,0.7045,0.718571429,"{'max_depth': 3, 'n_estimators': 50}","{'max_depth': 3, 'n_estimators': 50}","{'max_depth': 3, 'n_estimators': 100}","{'max_depth': 3, 'n_estimators': 100}"
10,subsample_6.csv,xgbc,10,0.731428571,0.692055692,0.731428571,0.731071429,0.692778458,0.731071429,0.719285714,0.691037736,0.719285714,0.721428571,0.708374875,0.721428571,"{'max_depth': 5, 'n_estimators': 10}","{'max_depth': 3, 'n_estimators': 50}","{'max_depth': 3, 'n_estimators': 100}","{'max_depth': 3, 'n_estimators': 50}"
10,subsample_10.csv,xgbc,10,0.725714286,0.686530612,0.725714286,0.725,0.697564808,0.725,0.725714286,0.686530612,0.725714286,0.712619048,0.701754386,0.712619048,"{'max_depth': 3, 'n_estimators': 10}","{'max_depth': 3, 'n_estimators': 50}","{'max_depth': 3, 'n_estimators': 10}","{'max_depth': 3, 'n_estimators': 50}"
10,subsample_4.csv,xgbc,10,0.733571429,0.70722135,0.733571429,0.7375,0.700122399,0.7375,0.723214286,0.692338229,0.723214286,0.719285714,0.707516745,0.719285714,"{'max_depth': 3, 'n_estimators': 50}","{'max_depth': 3, 'n_estimators': 50}","{'max_depth': 5, 'n_estimators': 10}","{'max_depth': 5, 'n_estimators': 10}"
10,subsample_5.csv,xgbc,10,0.723571429,0.685365854,0.723571429,0.724642857,0.685690991,0.724642857,0.713928571,0.688205527,0.713928571,0.729047619,0.714786967,0.729047619,"{'max_depth': 3, 'n_estimators': 10}","{'max_depth': 5, 'n_estimators': 10}","{'max_depth': 3, 'n_estimators': 50}","{'max_depth': 3, 'n_estimators': 50}"
10,subsample_1.csv,xgbc,10,0.721785714,0.690011938,0.721785714,0.7325,0.692906929,0.7325,0.720714286,0.691397001,0.720714286,0.724047619,0.706953224,0.724047619,"{'max_depth': 5, 'n_estimators': 10}","{'max_depth': 5, 'n_estimators': 10}","{'max_depth': 3, 'n_estimators': 50}","{'max_depth': 3, 'n_estimators': 100}"
10,subsample_2.csv,xgbc,10,0.730714286,0.69047619,0.730714286,0.734285714,0.694581281,0.734285714,0.730714286,0.69047619,0.730714286,0.727380952,0.716654293,0.727380952,"{'max_depth': 3, 'n_estimators': 10}","{'max_depth': 5, 'n_estimators': 10}","{'max_depth': 3, 'n_estimators': 10}","{'max_depth': 3, 'n_estimators': 50}"
10,subsample_3.csv,xgbc,10,0.733214286,0.692466035,0.733214286,0.735714286,0.694467382,0.735714286,0.718571429,0.684294872,0.718571429,0.716666667,0.702351176,0.716666667,"{'max_depth': 3, 'n_estimators': 10}","{'max_depth': 3, 'n_estimators': 10}","{'max_depth': 5, 'n_estimators': 10}","{'max_depth': 3, 'n_estimators': 100}"
10,subsample_8.csv,lgbm,10,0.7175,0.681433749,0.7175,0.7225,0.687826436,0.7225,0.711428571,0.678343949,0.711428571,0.71952381,0.706965174,0.71952381,"{'learning_rate': 0.1, 'max_depth': 3, 'n_estimators': 100}","{'learning_rate': 0.1, 'max_depth': 3, 'n_estimators': 100}","{'learning_rate': 0.05, 'max_depth': 5, 'n_estimators': 100}","{'learning_rate': 0.05, 'max_depth': 5, 'n_estimators': 100}"
10,subsample_9.csv,lgbm,10,0.727857143,0.691247974,0.727857143,0.728928571,0.694567404,0.728928571,0.722142857,0.688550841,0.722142857,0.726190476,0.721009219,0.726190476,"{'learning_rate': 0.01, 'max_depth': 10, 'n_estimators': 100}","{'learning_rate': 0.05, 'max_depth': 10, 'n_estimators': 100}","{'learning_rate': 0.1, 'max_depth': 10, 'n_estimators': 10}","{'learning_rate': 0.1, 'max_depth': 5, 'n_estimators': 50}"
10,subsample_7.csv,lgbm,10,0.731071429,0.69202454,0.731071429,0.733571429,0.697485807,0.733571429,0.724285714,0.691693291,0.724285714,0.72452381,0.709806872,0.72452381,"{'learning_rate': 0.1, 'max_depth': 3, 'n_estimators': 100}","{'learning_rate': 0.05, 'max_depth': 10, 'n_estimators': 100}","{'learning_rate': 0.05, 'max_depth': 10, 'n_estimators': 50}","{'learning_rate': 0.1, 'max_depth': 3, 'n_estimators': 100}"
10,subsample_6.csv,lgbm,10,0.733214286,0.695474929,0.733214286,0.732142857,0.694625407,0.732142857,0.724642857,0.695857988,0.724642857,0.718571429,0.705677291,0.718571429,"{'learning_rate': 0.1, 'max_depth': 5, 'n_estimators': 50}","{'learning_rate': 0.1, 'max_depth': 5, 'n_estimators': 50}","{'learning_rate': 0.05, 'max_depth': 10, 'n_estimators': 100}","{'learning_rate': 0.1, 'max_depth': 3, 'n_estimators': 100}"
10,subsample_10.csv,lgbm,10,0.725714286,0.686530612,0.725714286,0.724642857,0.697528443,0.724642857,0.725714286,0.686530612,0.725714286,0.720238095,0.709374227,0.720238095,"{'learning_rate': 0.1, 'max_depth': 3, 'n_estimators': 10}","{'learning_rate': 0.1, 'max_depth': 3, 'n_estimators': 100}","{'learning_rate': 0.1, 'max_depth': 3, 'n_estimators': 10}","{'learning_rate': 0.1, 'max_depth': 5, 'n_estimators': 50}"
10,subsample_4.csv,lgbm,10,0.735357143,0.696932515,0.735357143,0.736071429,0.697997548,0.736071429,0.724642857,0.70266101,0.724642857,0.723809524,0.712158809,0.723809524,"{'learning_rate': 0.05, 'max_depth': 3, 'n_estimators': 100}","{'learning_rate': 0.05, 'max_depth': 3, 'n_estimators': 100}","{'learning_rate': 0.1, 'max_depth': 5, 'n_estimators': 100}","{'learning_rate': 0.1, 'max_depth': 3, 'n_estimators': 100}"
10,subsample_5.csv,lgbm,10,0.722142857,0.685020243,0.722142857,0.728571429,0.693301049,0.728571429,0.716785714,0.685691637,0.716785714,0.723095238,0.709177294,0.723095238,"{'learning_rate': 0.01, 'max_depth': 10, 'n_estimators': 100}","{'learning_rate': 0.05, 'max_depth': 10, 'n_estimators': 100}","{'learning_rate': 0.1, 'max_depth': 10, 'n_estimators': 10}","{'learning_rate': 0.1, 'max_depth': 3, 'n_estimators': 100}"
10,subsample_1.csv,lgbm,10,0.721785714,0.689517736,0.721785714,0.7325,0.694410445,0.7325,0.722142857,0.690533015,0.722142857,0.718095238,0.704,0.718095238,"{'learning_rate': 0.05, 'max_depth': 5, 'n_estimators': 50}","{'learning_rate': 0.05, 'max_depth': 5, 'n_estimators': 100}","{'learning_rate': 0.05, 'max_depth': 10, 'n_estimators': 50}","{'learning_rate': 0.1, 'max_depth': 5, 'n_estimators': 50}"
10,subsample_2.csv,lgbm,10,0.730714286,0.69047619,0.730714286,0.732857143,0.69218107,0.732857143,0.73,0.691680261,0.73,0.714047619,0.705276074,0.714047619,"{'learning_rate': 0.1, 'max_depth': 3, 'n_estimators': 10}","{'learning_rate': 0.1, 'max_depth': 3, 'n_estimators': 10}","{'learning_rate': 0.1, 'max_depth': 3, 'n_estimators': 100}","{'learning_rate': 0.1, 'max_depth': 3, 'n_estimators': 50}"
10,subsample_3.csv,lgbm,10,0.733571429,0.696994314,0.733571429,0.7325,0.69490835,0.7325,0.721785714,0.686266613,0.721785714,0.717857143,0.702336096,0.717857143,"{'learning_rate': 0.05, 'max_depth': 10, 'n_estimators': 10}","{'learning_rate': 0.1, 'max_depth': 5, 'n_estimators': 100}","{'learning_rate': 0.05, 'max_depth': 10, 'n_estimators': 10}","{'learning_rate': 0.1, 'max_depth': 10, 'n_estimators': 50}"
10,subsample_8.csv,lr,20,0.715,0.684335443,0.715,0.712857143,0.680952381,0.712857143,0.715,0.68458498,0.715,0.727857143,0.708641346,0.727857143,"{'C': 1000, 'max_iter': 1000}","{'C': 10, 'max_iter': 1000}","{'C': 10, 'max_iter': 1000}","{'C': 1, 'max_iter': 1000}"
10,subsample_9.csv,lr,20,0.727857143,0.696656051,0.727857143,0.723928571,0.686663964,0.723928571,0.724285714,0.689959839,0.724285714,0.733571429,0.712708601,0.733571429,"{'C': 1000, 'max_iter': 1000}","{'C': 1000, 'max_iter': 1000}","{'C': 1000, 'max_iter': 1000}","{'C': 1, 'max_iter': 1000}"
10,subsample_7.csv,lr,20,0.728214286,0.693762575,0.728214286,0.7275,0.692462717,0.7275,0.729642857,0.695617209,0.729642857,0.731428571,0.710620831,0.731428571,"{'C': 1000, 'max_iter': 1000}","{'C': 10, 'max_iter': 1000}","{'C': 1000, 'max_iter': 1000}","{'C': 10, 'max_iter': 1000}"
10,subsample_6.csv,lr,20,0.726428571,0.690379951,0.726428571,0.727857143,0.692741935,0.727857143,0.726785714,0.69165659,0.726785714,0.731904762,0.709943328,0.731904762,"{'C': 100, 'max_iter': 1000}","{'C': 10, 'max_iter': 1000}","{'C': 100, 'max_iter': 1000}","{'C': 1, 'max_iter': 1000}"
10,subsample_10.csv,lr,20,0.723214286,0.691603661,0.723214286,0.723928571,0.688683045,0.723928571,0.721785714,0.687022901,0.721785714,0.728333333,0.7088543,0.728333333,"{'C': 10, 'max_iter': 1000}","{'C': 10, 'max_iter': 1000}","{'C': 10, 'max_iter': 1000}","{'C': 1, 'max_iter': 1000}"
10,subsample_4.csv,lr,20,0.729642857,0.697078832,0.729642857,0.726785714,0.692152918,0.726785714,0.726785714,0.694122351,0.726785714,0.737380952,0.715794898,0.737380952,"{'C': 1000, 'max_iter': 1000}","{'C': 10, 'max_iter': 1000}","{'C': 10, 'max_iter': 1000}","{'C': 1, 'max_iter': 1000}"
10,subsample_5.csv,lr,20,0.725357143,0.693503388,0.725357143,0.721785714,0.688025631,0.721785714,0.721428571,0.6882494,0.721428571,0.737857143,0.714840715,0.737857143,"{'C': 1000, 'max_iter': 1000}","{'C': 10, 'max_iter': 1000}","{'C': 100, 'max_iter': 1000}","{'C': 1, 'max_iter': 1000}"
10,subsample_1.csv,lr,20,0.721071429,0.68747499,0.721071429,0.720357143,0.685920578,0.720357143,0.720714286,0.686447474,0.720714286,0.734047619,0.715123693,0.734047619,"{'C': 100, 'max_iter': 1000}","{'C': 100, 'max_iter': 1000}","{'C': 100, 'max_iter': 1000}","{'C': 100, 'max_iter': 1000}"
10,subsample_2.csv,lr,20,0.728571429,0.695024077,0.728571429,0.73,0.693679092,0.73,0.73,0.694174757,0.73,0.734285714,0.712371134,0.734285714,"{'C': 1000, 'max_iter': 1000}","{'C': 1000, 'max_iter': 1000}","{'C': 1000, 'max_iter': 1000}","{'C': 1, 'max_iter': 1000}"
10,subsample_3.csv,lr,20,0.723571429,0.689903846,0.723571429,0.725714286,0.690072639,0.725714286,0.725357143,0.692030437,0.725357143,0.72952381,0.707216495,0.72952381,"{'C': 10, 'max_iter': 1000}","{'C': 100, 'max_iter': 1000}","{'C': 10, 'max_iter': 1000}","{'C': 1, 'max_iter': 1000}"
10,subsample_8.csv,rfc,20,0.723571429,0.687399031,0.723571429,0.721785714,0.684231861,0.721785714,0.723571429,0.695754717,0.723571429,0.733571429,0.714904459,0.733571429,"{'max_depth': 10, 'n_estimators': 100}","{'max_depth': 10, 'n_estimators': 50}","{'max_depth': 10, 'n_estimators': 50}","{'max_depth': 10, 'n_estimators': 100}"
10,subsample_9.csv,rfc,20,0.730714286,0.692495922,0.730714286,0.735,0.706254949,0.735,0.733214286,0.705092775,0.733214286,0.722857143,0.71897634,0.722857143,"{'max_depth': 5, 'n_estimators': 50}","{'max_depth': 10, 'n_estimators': 100}","{'max_depth': 10, 'n_estimators': 100}","{'max_depth': 5, 'n_estimators': 50}"
10,subsample_7.csv,rfc,20,0.735,0.696647588,0.735,0.732142857,0.693877551,0.732142857,0.7325,0.6946596,0.7325,0.734285714,0.715306122,0.734285714,"{'max_depth': 10, 'n_estimators': 100}","{'max_depth': 10, 'n_estimators': 100}","{'max_depth': 10, 'n_estimators': 100}","{'max_depth': 10, 'n_estimators': 100}"
10,subsample_6.csv,rfc,20,0.732142857,0.693627451,0.732142857,0.730714286,0.691236691,0.730714286,0.731071429,0.691519869,0.731071429,0.727619048,0.704697987,0.727619048,"{'max_depth': 5, 'n_estimators': 50}","{'max_depth': 5, 'n_estimators': 100}","{'max_depth': 5, 'n_estimators': 50}","{'max_depth': 10, 'n_estimators': 100}"
10,subsample_10.csv,rfc,20,0.728214286,0.696691909,0.728214286,0.7275,0.698060942,0.7275,0.728571429,0.700315457,0.728571429,0.720238095,0.708653608,0.720238095,"{'max_depth': 10, 'n_estimators': 100}","{'max_depth': 10, 'n_estimators': 100}","{'max_depth': 10, 'n_estimators': 50}","{'max_depth': 5, 'n_estimators': 100}"
10,subsample_4.csv,rfc,20,0.736071429,0.704281713,0.736071429,0.733571429,0.705603788,0.733571429,0.7325,0.704069538,0.7325,0.729285714,0.712806264,0.729285714,"{'max_depth': 10, 'n_estimators': 100}","{'max_depth': 10, 'n_estimators': 50}","{'max_depth': 10, 'n_estimators': 100}","{'max_depth': 5, 'n_estimators': 50}"
10,subsample_5.csv,rfc,20,0.728928571,0.693085321,0.728928571,0.725714286,0.687296417,0.725714286,0.725714286,0.687550854,0.725714286,0.736904762,0.719471947,0.736904762,"{'max_depth': 10, 'n_estimators': 50}","{'max_depth': 5, 'n_estimators': 50}","{'max_depth': 5, 'n_estimators': 50}","{'max_depth': 10, 'n_estimators': 100}"
10,subsample_1.csv,rfc,20,0.729642857,0.692401463,0.729642857,0.730357143,0.690953745,0.730357143,0.7325,0.694160882,0.7325,0.73452381,0.71446863,0.73452381,"{'max_depth': 5, 'n_estimators': 100}","{'max_depth': 5, 'n_estimators': 100}","{'max_depth': 5, 'n_estimators': 50}","{'max_depth': 10, 'n_estimators': 100}"
10,subsample_2.csv,rfc,20,0.733214286,0.694228408,0.733214286,0.733214286,0.696217975,0.733214286,0.732857143,0.694444444,0.732857143,0.732380952,0.711498973,0.732380952,"{'max_depth': 10, 'n_estimators': 100}","{'max_depth': 5, 'n_estimators': 50}","{'max_depth': 5, 'n_estimators': 50}","{'max_depth': 10, 'n_estimators': 50}"
10,subsample_3.csv,rfc,20,0.735,0.694398682,0.735,0.734642857,0.694112804,0.734642857,0.735,0.694398682,0.735,0.73,0.709230769,0.73,"{'max_depth': 5, 'n_estimators': 100}","{'max_depth': 5, 'n_estimators': 100}","{'max_depth': 5, 'n_estimators': 100}","{'max_depth': 10, 'n_estimators': 100}"
10,subsample_8.csv,xgbc,20,0.725,0.707001522,0.725,0.723571429,0.69765625,0.723571429,0.725714286,0.706422018,0.725714286,0.732619048,0.715191479,0.732619048,"{'max_depth': 3, 'n_estimators': 50}","{'max_depth': 3, 'n_estimators': 100}","{'max_depth': 3, 'n_estimators': 100}","{'max_depth': 3, 'n_estimators': 50}"
10,subsample_9.csv,xgbc,20,0.733214286,0.712581762,0.733214286,0.733214286,0.714558655,0.733214286,0.733214286,0.707632094,0.733214286,0.730952381,0.720987654,0.730952381,"{'max_depth': 3, 'n_estimators': 50}","{'max_depth': 3, 'n_estimators': 50}","{'max_depth': 3, 'n_estimators': 100}","{'max_depth': 3, 'n_estimators': 50}"
10,subsample_7.csv,xgbc,20,0.736071429,0.699226699,0.736071429,0.736428571,0.69877551,0.736428571,0.736071429,0.699226699,0.736071429,0.73047619,0.710633947,0.73047619,"{'max_depth': 3, 'n_estimators': 50}","{'max_depth': 3, 'n_estimators': 50}","{'max_depth': 3, 'n_estimators': 50}","{'max_depth': 3, 'n_estimators': 50}"
10,subsample_6.csv,xgbc,20,0.731785714,0.691581109,0.731785714,0.730714286,0.694736842,0.730714286,0.731785714,0.691581109,0.731785714,0.730714286,0.711847134,0.730714286,"{'max_depth': 3, 'n_estimators': 10}","{'max_depth': 3, 'n_estimators': 50}","{'max_depth': 3, 'n_estimators': 10}","{'max_depth': 3, 'n_estimators': 50}"
10,subsample_10.csv,xgbc,20,0.728928571,0.703167775,0.728928571,0.728928571,0.70246962,0.728928571,0.728928571,0.702702703,0.728928571,0.725,0.710453748,0.725,"{'max_depth': 3, 'n_estimators': 50}","{'max_depth': 3, 'n_estimators': 50}","{'max_depth': 3, 'n_estimators': 50}","{'max_depth': 3, 'n_estimators': 50}"
10,subsample_4.csv,xgbc,20,0.733928571,0.707269155,0.733928571,0.7325,0.706619663,0.7325,0.733928571,0.707269155,0.733928571,0.736904762,0.724782067,0.736904762,"{'max_depth': 3, 'n_estimators': 50}","{'max_depth': 3, 'n_estimators': 100}","{'max_depth': 3, 'n_estimators': 50}","{'max_depth': 5, 'n_estimators': 10}"
10,subsample_5.csv,xgbc,20,0.727857143,0.701176471,0.727857143,0.729642857,0.694141414,0.729642857,0.727142857,0.691935484,0.727142857,0.733571429,0.713590991,0.733571429,"{'max_depth': 3, 'n_estimators': 50}","{'max_depth': 3, 'n_estimators': 50}","{'max_depth': 3, 'n_estimators': 50}","{'max_depth': 3, 'n_estimators': 50}"
10,subsample_1.csv,xgbc,20,0.731785714,0.692842536,0.731785714,0.728928571,0.693333333,0.728928571,0.732857143,0.693944354,0.732857143,0.731428571,0.712684666,0.731428571,"{'max_depth': 5, 'n_estimators': 10}","{'max_depth': 5, 'n_estimators': 10}","{'max_depth': 5, 'n_estimators': 10}","{'max_depth': 3, 'n_estimators': 50}"
10,subsample_2.csv,xgbc,20,0.733571429,0.693256579,0.733571429,0.733571429,0.693256579,0.733571429,0.733571429,0.693256579,0.733571429,0.72952381,0.714285714,0.72952381,"{'max_depth': 3, 'n_estimators': 10}","{'max_depth': 3, 'n_estimators': 10}","{'max_depth': 3, 'n_estimators': 10}","{'max_depth': 5, 'n_estimators': 10}"
10,subsample_3.csv,xgbc,20,0.736071429,0.695006191,0.736071429,0.735,0.696895425,0.735,0.734642857,0.696362893,0.734642857,0.734285714,0.715015322,0.734285714,"{'max_depth': 3, 'n_estimators': 10}","{'max_depth': 3, 'n_estimators': 50}","{'max_depth': 3, 'n_estimators': 50}","{'max_depth': 3, 'n_estimators': 50}"
10,subsample_8.csv,lgbm,20,0.724642857,0.697765582,0.724642857,0.723928571,0.705074399,0.723928571,0.724642857,0.697765582,0.724642857,0.734285714,0.716174975,0.734285714,"{'learning_rate': 0.1, 'max_depth': 5, 'n_estimators': 100}","{'learning_rate': 0.1, 'max_depth': 5, 'n_estimators': 50}","{'learning_rate': 0.1, 'max_depth': 5, 'n_estimators': 100}","{'learning_rate': 0.1, 'max_depth': 5, 'n_estimators': 50}"
10,subsample_9.csv,lgbm,20,0.731785714,0.709702358,0.731785714,0.731071429,0.691266913,0.731071429,0.733214286,0.705557745,0.733214286,0.731428571,0.719402985,0.731428571,"{'learning_rate': 0.1, 'max_depth': 3, 'n_estimators': 100}","{'learning_rate': 0.05, 'max_depth': 3, 'n_estimators': 100}","{'learning_rate': 0.05, 'max_depth': 5, 'n_estimators': 100}","{'learning_rate': 0.1, 'max_depth': 3, 'n_estimators': 100}"
10,subsample_7.csv,lgbm,20,0.735714286,0.696969697,0.735714286,0.734285714,0.698051948,0.734285714,0.735357143,0.698412698,0.735357143,0.731904762,0.711430036,0.731904762,"{'learning_rate': 0.05, 'max_depth': 10, 'n_estimators': 50}","{'learning_rate': 0.1, 'max_depth': 5, 'n_estimators': 100}","{'learning_rate': 0.05, 'max_depth': 10, 'n_estimators': 50}","{'learning_rate': 0.05, 'max_depth': 5, 'n_estimators': 50}"
10,subsample_6.csv,lgbm,20,0.731785714,0.694093686,0.731785714,0.726785714,0.69264765,0.726785714,0.732857143,0.696428571,0.732857143,0.733809524,0.714504597,0.733809524,"{'learning_rate': 0.05, 'max_depth': 5, 'n_estimators': 100}","{'learning_rate': 0.05, 'max_depth': 10, 'n_estimators': 50}","{'learning_rate': 0.05, 'max_depth': 5, 'n_estimators': 100}","{'learning_rate': 0.05, 'max_depth': 5, 'n_estimators': 100}"
10,subsample_10.csv,lgbm,20,0.729285714,0.701809599,0.729285714,0.730357143,0.703339882,0.730357143,0.728571429,0.701257862,0.728571429,0.727619048,0.711983887,0.727619048,"{'learning_rate': 0.1, 'max_depth': 3, 'n_estimators': 100}","{'learning_rate': 0.1, 'max_depth': 3, 'n_estimators': 100}","{'learning_rate': 0.1, 'max_depth': 3, 'n_estimators': 100}","{'learning_rate': 0.1, 'max_depth': 3, 'n_estimators': 100}"
10,subsample_4.csv,lgbm,20,0.7375,0.707753479,0.7375,0.736428571,0.70806962,0.736428571,0.736785714,0.708580467,0.736785714,0.740952381,0.722873153,0.740952381,"{'learning_rate': 0.1, 'max_depth': 3, 'n_estimators': 100}","{'learning_rate': 0.05, 'max_depth': 5, 'n_estimators': 100}","{'learning_rate': 0.05, 'max_depth': 5, 'n_estimators': 100}","{'learning_rate': 0.1, 'max_depth': 3, 'n_estimators': 100}"
10,subsample_5.csv,lgbm,20,0.726071429,0.695996829,0.726071429,0.726428571,0.692616372,0.726428571,0.727142857,0.692926045,0.727142857,0.736904762,0.717319007,0.736904762,"{'learning_rate': 0.05, 'max_depth': 10, 'n_estimators': 100}","{'learning_rate': 0.05, 'max_depth': 10, 'n_estimators': 50}","{'learning_rate': 0.05, 'max_depth': 10, 'n_estimators': 50}","{'learning_rate': 0.05, 'max_depth': 5, 'n_estimators': 100}"
10,subsample_1.csv,lgbm,20,0.732857143,0.699356913,0.732857143,0.728571429,0.694041868,0.728571429,0.731071429,0.698920432,0.731071429,0.734047619,0.715848385,0.734047619,"{'learning_rate': 0.05, 'max_depth': 10, 'n_estimators': 50}","{'learning_rate': 0.05, 'max_depth': 10, 'n_estimators': 10}","{'learning_rate': 0.01, 'max_depth': 10, 'n_estimators': 100}","{'learning_rate': 0.05, 'max_depth': 5, 'n_estimators': 100}"
10,subsample_2.csv,lgbm,20,0.733214286,0.69297164,0.733214286,0.733928571,0.695296524,0.733928571,0.733214286,0.69297164,0.733214286,0.732857143,0.715372907,0.732857143,"{'learning_rate': 0.1, 'max_depth': 3, 'n_estimators': 10}","{'learning_rate': 0.05, 'max_depth': 10, 'n_estimators': 50}","{'learning_rate': 0.1, 'max_depth': 3, 'n_estimators': 10}","{'learning_rate': 0.05, 'max_depth': 5, 'n_estimators': 100}"
10,subsample_3.csv,lgbm,20,0.736428571,0.695544554,0.736428571,0.733928571,0.694797214,0.733928571,0.735714286,0.698697068,0.735714286,0.737142857,0.718079673,0.737142857,"{'learning_rate': 0.05, 'max_depth': 3, 'n_estimators': 100}","{'learning_rate': 0.05, 'max_depth': 5, 'n_estimators': 100}","{'learning_rate': 0.05, 'max_depth': 10, 'n_estimators': 100}","{'learning_rate': 0.05, 'max_depth': 5, 'n_estimators': 100}"
10,subsample_8.csv,lr,30,0.715714286,0.685126582,0.715714286,0.716428571,0.686166008,0.716428571,0.713571429,0.681998414,0.713571429,0.732142857,0.70832253,0.732142857,"{'C': 1000, 'max_iter': 2000}","{'C': 10, 'max_iter': 1000}","{'C': 10, 'max_iter': 1000}","{'C': 1, 'max_iter': 1000}"
10,subsample_9.csv,lr,30,0.726785714,0.693632359,0.726785714,0.7275,0.699960676,0.7275,0.724642857,0.689738431,0.724642857,0.737857143,0.713654096,0.737857143,"{'C': 10, 'max_iter': 1000}","{'C': 100, 'max_iter': 1000}","{'C': 100, 'max_iter': 1000}","{'C': 100, 'max_iter': 1000}"
10,subsample_7.csv,lr,30,0.732857143,0.698872786,0.732857143,0.728571429,0.692805174,0.728571429,0.727857143,0.692741935,0.727857143,0.730238095,0.704409079,0.730238095,"{'C': 100, 'max_iter': 1000}","{'C': 1000, 'max_iter': 1000}","{'C': 10, 'max_iter': 1000}","{'C': 1000, 'max_iter': 1000}"
10,subsample_6.csv,lr,30,0.724285714,0.690208668,0.724285714,0.730357143,0.69470279,0.730357143,0.726071429,0.691596301,0.726071429,0.73547619,0.709694278,0.73547619,"{'C': 100, 'max_iter': 1000}","{'C': 100, 'max_iter': 1000}","{'C': 10, 'max_iter': 1000}","{'C': 1, 'max_iter': 1000}"
10,subsample_10.csv,lr,30,0.723928571,0.693861386,0.723928571,0.723928571,0.687171186,0.723928571,0.7225,0.684274685,0.7225,0.73047619,0.706583722,0.73047619,"{'C': 10, 'max_iter': 1000}","{'C': 1000, 'max_iter': 1000}","{'C': 100, 'max_iter': 1000}","{'C': 1, 'max_iter': 1000}"
10,subsample_4.csv,lr,30,0.730357143,0.699801193,0.730357143,0.731071429,0.696737817,0.731071429,0.727857143,0.691747573,0.727857143,0.739047619,0.714136672,0.739047619,"{'C': 100, 'max_iter': 1000}","{'C': 10, 'max_iter': 1000}","{'C': 10, 'max_iter': 1000}","{'C': 1000, 'max_iter': 1000}"
10,subsample_5.csv,lr,30,0.724642857,0.693682956,0.724642857,0.723928571,0.688683045,0.723928571,0.720714286,0.687699681,0.720714286,0.739761905,0.712141164,0.739761905,"{'C': 1000, 'max_iter': 1000}","{'C': 100, 'max_iter': 1000}","{'C': 10, 'max_iter': 1000}","{'C': 100, 'max_iter': 1000}"
10,subsample_1.csv,lr,30,0.7225,0.691299166,0.7225,0.723214286,0.689129563,0.723214286,0.720714286,0.686447474,0.720714286,0.736666667,0.71152843,0.736666667,"{'C': 100, 'max_iter': 1000}","{'C': 100, 'max_iter': 1000}","{'C': 100, 'max_iter': 1000}","{'C': 10, 'max_iter': 1000}"
10,subsample_2.csv,lr,30,0.730357143,0.698602794,0.730357143,0.732142857,0.697336562,0.732142857,0.730357143,0.69470279,0.730357143,0.735238095,0.709812109,0.735238095,"{'C': 1, 'max_iter': 1000}","{'C': 10, 'max_iter': 1000}","{'C': 10, 'max_iter': 1000}","{'C': 10, 'max_iter': 1000}"
10,subsample_3.csv,lr,30,0.7225,0.69006781,0.7225,0.73,0.696141479,0.73,0.725,0.690016103,0.725,0.73547619,0.711653257,0.73547619,"{'C': 1000, 'max_iter': 1000}","{'C': 10, 'max_iter': 1000}","{'C': 100, 'max_iter': 1000}","{'C': 1000, 'max_iter': 1000}"
10,subsample_8.csv,rfc,30,0.723214286,0.686868687,0.723214286,0.721428571,0.683954619,0.721428571,0.722857143,0.68582996,0.722857143,0.736190476,0.715459682,0.736190476,"{'max_depth': 10, 'n_estimators': 50}","{'max_depth': 10, 'n_estimators': 100}","{'max_depth': 10, 'n_estimators': 100}","{'max_depth': 10, 'n_estimators': 100}"
10,subsample_9.csv,rfc,30,0.7325,0.702659786,0.7325,0.734642857,0.705041683,0.734642857,0.733928571,0.706114398,0.733928571,0.725952381,0.723914608,0.725952381,"{'max_depth': 10, 'n_estimators': 50}","{'max_depth': 10, 'n_estimators': 100}","{'max_depth': 10, 'n_estimators': 100}","{'max_depth': 5, 'n_estimators': 50}"
10,subsample_7.csv,rfc,30,0.733214286,0.695226438,0.733214286,0.733571429,0.695261438,0.733571429,0.732857143,0.694444444,0.732857143,0.733095238,0.713519039,0.733095238,"{'max_depth': 10, 'n_estimators': 100}","{'max_depth': 10, 'n_estimators': 100}","{'max_depth': 10, 'n_estimators': 100}","{'max_depth': 5, 'n_estimators': 100}"
10,subsample_6.csv,rfc,30,0.730714286,0.693993506,0.730714286,0.728928571,0.693828157,0.728928571,0.731071429,0.691266913,0.731071429,0.734285714,0.71132954,0.734285714,"{'max_depth': 10, 'n_estimators': 50}","{'max_depth': 5, 'n_estimators': 10}","{'max_depth': 5, 'n_estimators': 100}","{'max_depth': 10, 'n_estimators': 100}"
10,subsample_10.csv,rfc,30,0.725357143,0.686761711,0.725357143,0.728928571,0.700827749,0.728928571,0.729285714,0.701574803,0.729285714,0.727142857,0.708693442,0.727142857,"{'max_depth': 5, 'n_estimators': 10}","{'max_depth': 10, 'n_estimators': 50}","{'max_depth': 10, 'n_estimators': 50}","{'max_depth': 10, 'n_estimators': 100}"
10,subsample_4.csv,rfc,30,0.738928571,0.706071572,0.738928571,0.735357143,0.705601907,0.735357143,0.736071429,0.706629615,0.736071429,0.741190476,0.718758085,0.741190476,"{'max_depth': 10, 'n_estimators': 100}","{'max_depth': 10, 'n_estimators': 100}","{'max_depth': 10, 'n_estimators': 10}","{'max_depth': 10, 'n_estimators': 50}"
10,subsample_5.csv,rfc,30,0.727857143,0.693729904,0.727857143,0.726428571,0.687601958,0.726428571,0.723928571,0.685900041,0.723928571,0.74,0.716510903,0.74,"{'max_depth': 10, 'n_estimators': 50}","{'max_depth': 5, 'n_estimators': 10}","{'max_depth': 5, 'n_estimators': 50}","{'max_depth': 10, 'n_estimators': 100}"
10,subsample_1.csv,rfc,30,0.731428571,0.693811075,0.731428571,0.73,0.69041769,0.73,0.730357143,0.690953745,0.730357143,0.731904762,0.710837185,0.731904762,"{'max_depth': 10, 'n_estimators': 50}","{'max_depth': 5, 'n_estimators': 100}","{'max_depth': 5, 'n_estimators': 100}","{'max_depth': 5, 'n_estimators': 100}"
10,subsample_2.csv,rfc,30,0.7325,0.692906929,0.7325,0.734285714,0.695331695,0.734285714,0.7325,0.693409742,0.7325,0.733809524,0.712300566,0.733809524,"{'max_depth': 5, 'n_estimators': 50}","{'max_depth': 10, 'n_estimators': 50}","{'max_depth': 5, 'n_estimators': 10}","{'max_depth': 5, 'n_estimators': 50}"
10,subsample_3.csv,rfc,30,0.735357143,0.698657991,0.735357143,0.734285714,0.694581281,0.734285714,0.734642857,0.694364459,0.734642857,0.73452381,0.712258065,0.73452381,"{'max_depth': 10, 'n_estimators': 50}","{'max_depth': 10, 'n_estimators': 50}","{'max_depth': 5, 'n_estimators': 50}","{'max_depth': 10, 'n_estimators': 100}"
10,subsample_8.csv,xgbc,30,0.724642857,0.698474775,0.724642857,0.724285714,0.697017268,0.724285714,0.725357143,0.699726669,0.725357143,0.732857143,0.714794103,0.732857143,"{'max_depth': 3, 'n_estimators': 50}","{'max_depth': 5, 'n_estimators': 50}","{'max_depth': 3, 'n_estimators': 100}","{'max_depth': 3, 'n_estimators': 50}"
10,subsample_9.csv,xgbc,30,0.731071429,0.714231499,0.731071429,0.732857143,0.712528824,0.732857143,0.731785714,0.705374657,0.731785714,0.733571429,0.720459655,0.733571429,"{'max_depth': 3, 'n_estimators': 50}","{'max_depth': 3, 'n_estimators': 50}","{'max_depth': 3, 'n_estimators': 50}","{'max_depth': 3, 'n_estimators': 50}"
10,subsample_7.csv,xgbc,30,0.733571429,0.693256579,0.733571429,0.732857143,0.692939245,0.732857143,0.733571429,0.694512695,0.733571429,0.73547619,0.717230848,0.73547619,"{'max_depth': 3, 'n_estimators': 10}","{'max_depth': 5, 'n_estimators': 10}","{'max_depth': 5, 'n_estimators': 10}","{'max_depth': 3, 'n_estimators': 50}"
10,subsample_6.csv,xgbc,30,0.729642857,0.693646297,0.729642857,0.731071429,0.693028944,0.731071429,0.731071429,0.695018226,0.731071429,0.723333333,0.700977869,0.723333333,"{'max_depth': 5, 'n_estimators': 10}","{'max_depth': 5, 'n_estimators': 10}","{'max_depth': 3, 'n_estimators': 50}","{'max_depth': 5, 'n_estimators': 10}"
10,subsample_10.csv,xgbc,30,0.728571429,0.703125,0.728571429,0.728214286,0.701217118,0.728214286,0.728214286,0.701919311,0.728214286,0.725952381,0.710585869,0.725952381,"{'max_depth': 3, 'n_estimators': 50}","{'max_depth': 3, 'n_estimators': 50}","{'max_depth': 3, 'n_estimators': 50}","{'max_depth': 5, 'n_estimators': 10}"
10,subsample_4.csv,xgbc,30,0.735714286,0.708201893,0.735714286,0.735714286,0.708661417,0.735714286,0.734285714,0.707317073,0.734285714,0.737380952,0.719695044,0.737380952,"{'max_depth': 3, 'n_estimators': 50}","{'max_depth': 3, 'n_estimators': 50}","{'max_depth': 3, 'n_estimators': 50}","{'max_depth': 5, 'n_estimators': 10}"
10,subsample_5.csv,xgbc,30,0.727142857,0.688163265,0.727142857,0.725,0.688006483,0.725,0.727857143,0.692741935,0.727857143,0.737142857,0.716632444,0.737142857,"{'max_depth': 3, 'n_estimators': 10}","{'max_depth': 5, 'n_estimators': 10}","{'max_depth': 3, 'n_estimators': 50}","{'max_depth': 3, 'n_estimators': 50}"
10,subsample_1.csv,xgbc,30,0.728928571,0.692089249,0.728928571,0.731428571,0.69628433,0.731428571,0.726785714,0.691407826,0.726785714,0.736190476,0.713250518,0.736190476,"{'max_depth': 3, 'n_estimators': 50}","{'max_depth': 5, 'n_estimators': 10}","{'max_depth': 3, 'n_estimators': 100}","{'max_depth': 5, 'n_estimators': 10}"
10,subsample_2.csv,xgbc,30,0.733571429,0.693256579,0.733571429,0.733571429,0.693256579,0.733571429,0.734642857,0.696114519,0.734642857,0.733809524,0.713627049,0.733809524,"{'max_depth': 3, 'n_estimators': 10}","{'max_depth': 3, 'n_estimators': 10}","{'max_depth': 3, 'n_estimators': 50}","{'max_depth': 3, 'n_estimators': 50}"
10,subsample_3.csv,xgbc,30,0.736428571,0.695544554,0.736428571,0.733928571,0.695794202,0.733928571,0.736071429,0.695006191,0.736071429,0.729285714,0.708834827,0.729285714,"{'max_depth': 3, 'n_estimators': 10}","{'max_depth': 3, 'n_estimators': 50}","{'max_depth': 3, 'n_estimators': 10}","{'max_depth': 3, 'n_estimators': 50}"
10,subsample_8.csv,lgbm,30,0.7275,0.708444784,0.7275,0.723928571,0.696981576,0.723928571,0.724642857,0.698238748,0.724642857,0.737142857,0.719654647,0.737142857,"{'learning_rate': 0.1, 'max_depth': 3, 'n_estimators': 100}","{'learning_rate': 0.1, 'max_depth': 5, 'n_estimators': 100}","{'learning_rate': 0.1, 'max_depth': 5, 'n_estimators': 100}","{'learning_rate': 0.1, 'max_depth': 3, 'n_estimators': 100}"
10,subsample_9.csv,lgbm,30,0.733214286,0.711694327,0.733214286,0.731071429,0.691266913,0.731071429,0.732857143,0.705743509,0.732857143,0.733809524,0.721335992,0.733809524,"{'learning_rate': 0.05, 'max_depth': 5, 'n_estimators': 100}","{'learning_rate': 0.05, 'max_depth': 3, 'n_estimators': 100}","{'learning_rate': 0.05, 'max_depth': 10, 'n_estimators': 50}","{'learning_rate': 0.1, 'max_depth': 3, 'n_estimators': 100}"
10,subsample_7.csv,lgbm,30,0.733571429,0.693256579,0.733571429,0.7325,0.694160882,0.7325,0.734642857,0.695616551,0.734642857,0.737619048,0.718877551,0.737619048,"{'learning_rate': 0.1, 'max_depth': 3, 'n_estimators': 50}","{'learning_rate': 0.1, 'max_depth': 3, 'n_estimators': 100}","{'learning_rate': 0.1, 'max_depth': 5, 'n_estimators': 50}","{'learning_rate': 0.1, 'max_depth': 3, 'n_estimators': 100}"
10,subsample_6.csv,lgbm,30,0.733214286,0.698425515,0.733214286,0.726428571,0.692369478,0.726428571,0.729285714,0.693861066,0.729285714,0.732619048,0.710939511,0.732619048,"{'learning_rate': 0.1, 'max_depth': 3, 'n_estimators': 100}","{'learning_rate': 0.05, 'max_depth': 10, 'n_estimators': 50}","{'learning_rate': 0.05, 'max_depth': 5, 'n_estimators': 100}","{'learning_rate': 0.1, 'max_depth': 5, 'n_estimators': 50}"
10,subsample_10.csv,lgbm,30,0.728214286,0.70051161,0.728214286,0.731071429,0.704125737,0.731071429,0.728571429,0.701257862,0.728571429,0.73,0.712911392,0.73,"{'learning_rate': 0.1, 'max_depth': 3, 'n_estimators': 100}","{'learning_rate': 0.1, 'max_depth': 5, 'n_estimators': 100}","{'learning_rate': 0.1, 'max_depth': 3, 'n_estimators': 100}","{'learning_rate': 0.05, 'max_depth': 10, 'n_estimators': 50}"
10,subsample_4.csv,lgbm,30,0.736071429,0.706396504,0.736071429,0.7375,0.709600948,0.7375,0.737142857,0.709090909,0.737142857,0.743571429,0.724340927,0.743571429,"{'learning_rate': 0.1, 'max_depth': 3, 'n_estimators': 100}","{'learning_rate': 0.1, 'max_depth': 5, 'n_estimators': 50}","{'learning_rate': 0.1, 'max_depth': 5, 'n_estimators': 50}","{'learning_rate': 0.1, 'max_depth': 5, 'n_estimators': 50}"
10,subsample_5.csv,lgbm,30,0.727142857,0.692926045,0.727142857,0.721428571,0.688,0.721428571,0.725,0.691259022,0.725,0.739761905,0.719383825,0.739761905,"{'learning_rate': 0.1, 'max_depth': 5, 'n_estimators': 50}","{'learning_rate': 0.1, 'max_depth': 10, 'n_estimators': 10}","{'learning_rate': 0.05, 'max_depth': 10, 'n_estimators': 50}","{'learning_rate': 0.1, 'max_depth': 3, 'n_estimators': 100}"
10,subsample_1.csv,lgbm,30,0.728214286,0.694745287,0.728214286,0.728214286,0.694500201,0.728214286,0.730714286,0.696457327,0.730714286,0.738571429,0.717010309,0.738571429,"{'learning_rate': 0.05, 'max_depth': 10, 'n_estimators': 50}","{'learning_rate': 0.1, 'max_depth': 5, 'n_estimators': 100}","{'learning_rate': 0.1, 'max_depth': 5, 'n_estimators': 50}","{'learning_rate': 0.05, 'max_depth': 5, 'n_estimators': 100}"
10,subsample_2.csv,lgbm,30,0.7325,0.6946596,0.7325,0.733928571,0.695296524,0.733928571,0.733928571,0.695296524,0.733928571,0.736428571,0.717817996,0.736428571,"{'learning_rate': 0.05, 'max_depth': 10, 'n_estimators': 50}","{'learning_rate': 0.05, 'max_depth': 10, 'n_estimators': 50}","{'learning_rate': 0.05, 'max_depth': 10, 'n_estimators': 50}","{'learning_rate': 0.1, 'max_depth': 3, 'n_estimators': 100}"
10,subsample_3.csv,lgbm,30,0.733214286,0.695474929,0.733214286,0.735,0.696895425,0.735,0.733571429,0.696747967,0.733571429,0.737142857,0.718223583,0.737142857,"{'learning_rate': 0.05, 'max_depth': 5, 'n_estimators': 100}","{'learning_rate': 0.05, 'max_depth': 5, 'n_estimators': 100}","{'learning_rate': 0.05, 'max_depth': 10, 'n_estimators': 100}","{'learning_rate': 0.1, 'max_depth': 3, 'n_estimators': 100}"
10,subsample_8.csv,lr,50,0.718571429,0.68655529,0.718571429,0.717142857,0.683453237,0.717142857,0.716428571,0.685669042,0.716428571,0.737619048,0.711970727,0.737619048,"{'C': 100, 'max_iter': 1000}","{'C': 1000, 'max_iter': 1000}","{'C': 1000, 'max_iter': 2000}","{'C': 10, 'max_iter': 1000}"
10,subsample_9.csv,lr,50,0.726428571,0.696753761,0.726428571,0.725357143,0.690293999,0.725357143,0.726428571,0.693844924,0.726428571,0.738333333,0.713428944,0.738333333,"{'C': 1000, 'max_iter': 1000}","{'C': 1000, 'max_iter': 1000}","{'C': 10, 'max_iter': 1000}","{'C': 1, 'max_iter': 1000}"
10,subsample_7.csv,lr,50,0.727857143,0.695443645,0.727857143,0.729642857,0.695372233,0.729642857,0.73,0.696385542,0.73,0.738809524,0.712752029,0.738809524,"{'C': 10, 'max_iter': 1000}","{'C': 10, 'max_iter': 1000}","{'C': 100, 'max_iter': 1000}","{'C': 1000, 'max_iter': 1000}"
10,subsample_6.csv,lr,50,0.728928571,0.696521391,0.728928571,0.728214286,0.69644994,0.728214286,0.727142857,0.692679002,0.727142857,0.738095238,0.711286089,0.738095238,"{'C': 10, 'max_iter': 1000}","{'C': 100, 'max_iter': 1000}","{'C': 100, 'max_iter': 1000}","{'C': 1000, 'max_iter': 1000}"
10,subsample_10.csv,lr,50,0.7275,0.696136997,0.7275,0.727142857,0.69778481,0.727142857,0.725,0.694686757,0.725,0.733571429,0.709727626,0.733571429,"{'C': 1000, 'max_iter': 2000}","{'C': 1, 'max_iter': 1000}","{'C': 1, 'max_iter': 1000}","{'C': 10, 'max_iter': 1000}"
10,subsample_4.csv,lr,50,0.724642857,0.692461109,0.724642857,0.733214286,0.698911729,0.733214286,0.7325,0.698833936,0.7325,0.741666667,0.716042921,0.741666667,"{'C': 1000, 'max_iter': 1000}","{'C': 1000, 'max_iter': 2000}","{'C': 1000, 'max_iter': 2000}","{'C': 10, 'max_iter': 1000}"
10,subsample_5.csv,lr,50,0.726071429,0.692831398,0.726071429,0.723214286,0.690371554,0.723214286,0.722142857,0.688550841,0.722142857,0.746190476,0.717241379,0.746190476,"{'C': 1000, 'max_iter': 1000}","{'C': 10, 'max_iter': 1000}","{'C': 10, 'max_iter': 1000}","{'C': 100, 'max_iter': 1000}"
10,subsample_1.csv,lr,50,0.723571429,0.693343899,0.723571429,0.723928571,0.697928878,0.723928571,0.727142857,0.699449253,0.727142857,0.738095238,0.713392392,0.738095238,"{'C': 10, 'max_iter': 1000}","{'C': 1, 'max_iter': 1000}","{'C': 10, 'max_iter': 1000}","{'C': 1, 'max_iter': 1000}"
10,subsample_2.csv,lr,50,0.728571429,0.695024077,0.728571429,0.731428571,0.696774194,0.731428571,0.730357143,0.694949495,0.730357143,0.735,0.708103855,0.735,"{'C': 1000, 'max_iter': 2000}","{'C': 100, 'max_iter': 1000}","{'C': 100, 'max_iter': 1000}","{'C': 10, 'max_iter': 1000}"
10,subsample_3.csv,lr,50,0.731071429,0.700119474,0.731071429,0.730357143,0.696665327,0.730357143,0.730357143,0.698120752,0.730357143,0.737857143,0.711402359,0.737857143,"{'C': 10, 'max_iter': 1000}","{'C': 100, 'max_iter': 1000}","{'C': 100, 'max_iter': 1000}","{'C': 10, 'max_iter': 1000}"
10,subsample_8.csv,rfc,50,0.722857143,0.692063492,0.722857143,0.725,0.690265487,0.725,0.723214286,0.693312228,0.723214286,0.730238095,0.707612903,0.730238095,"{'max_depth': 10, 'n_estimators': 10}","{'max_depth': 10, 'n_estimators': 50}","{'max_depth': 10, 'n_estimators': 10}","{'max_depth': 10, 'n_estimators': 100}"
10,subsample_9.csv,rfc,50,0.732142857,0.696356275,0.732142857,0.733571429,0.709275136,0.733571429,0.734642857,0.705509314,0.734642857,0.731190476,0.715258512,0.731190476,"{'max_depth': 10, 'n_estimators': 100}","{'max_depth': 10, 'n_estimators': 50}","{'max_depth': 10, 'n_estimators': 50}","{'max_depth': 5, 'n_estimators': 50}"
10,subsample_7.csv,rfc,50,0.733928571,0.695545566,0.733928571,0.734285714,0.697560976,0.734285714,0.734642857,0.696362893,0.734642857,0.734285714,0.714431934,0.734285714,"{'max_depth': 10, 'n_estimators': 100}","{'max_depth': 10, 'n_estimators': 50}","{'max_depth': 10, 'n_estimators': 50}","{'max_depth': 5, 'n_estimators': 100}"
10,subsample_6.csv,rfc,50,0.729285714,0.693365696,0.729285714,0.731785714,0.694342694,0.731785714,0.729285714,0.692120227,0.729285714,0.735238095,0.711018711,0.735238095,"{'max_depth': 10, 'n_estimators': 50}","{'max_depth': 10, 'n_estimators': 50}","{'max_depth': 10, 'n_estimators': 100}","{'max_depth': 10, 'n_estimators': 100}"
10,subsample_10.csv,rfc,50,0.726785714,0.688391039,0.726785714,0.7275,0.68869849,0.7275,0.728214286,0.695964842,0.728214286,0.73,0.708032956,0.73,"{'max_depth': 5, 'n_estimators': 100}","{'max_depth': 5, 'n_estimators': 50}","{'max_depth': 10, 'n_estimators': 100}","{'max_depth': 5, 'n_estimators': 50}"
10,subsample_4.csv,rfc,50,0.736071429,0.703807615,0.736071429,0.737857143,0.705220884,0.737857143,0.7375,0.704700683,0.7375,0.742857143,0.719480519,0.742857143,"{'max_depth': 10, 'n_estimators': 50}","{'max_depth': 10, 'n_estimators': 100}","{'max_depth': 10, 'n_estimators': 100}","{'max_depth': 10, 'n_estimators': 50}"
10,subsample_5.csv,rfc,50,0.725714286,0.687296417,0.725714286,0.727142857,0.690186537,0.727142857,0.725714286,0.687550854,0.725714286,0.737142857,0.713395639,0.737142857,"{'max_depth': 10, 'n_estimators': 50}","{'max_depth': 10, 'n_estimators': 50}","{'max_depth': 10, 'n_estimators': 100}","{'max_depth': 10, 'n_estimators': 50}"
10,subsample_1.csv,rfc,50,0.726428571,0.691129032,0.726428571,0.730714286,0.693744923,0.730714286,0.73,0.690163934,0.73,0.736666667,0.711678832,0.736666667,"{'max_depth': 10, 'n_estimators': 100}","{'max_depth': 10, 'n_estimators': 100}","{'max_depth': 5, 'n_estimators': 50}","{'max_depth': 10, 'n_estimators': 50}"
10,subsample_2.csv,rfc,50,0.733571429,0.695758564,0.733571429,0.733214286,0.694728239,0.733214286,0.7325,0.692402464,0.7325,0.737380952,0.718837624,0.737380952,"{'max_depth': 5, 'n_estimators': 50}","{'max_depth': 10, 'n_estimators': 100}","{'max_depth': 5, 'n_estimators': 50}","{'max_depth': 5, 'n_estimators': 50}"
10,subsample_3.csv,rfc,50,0.735714286,0.698205546,0.735714286,0.736071429,0.697750511,0.736071429,0.734642857,0.695116947,0.734642857,0.737380952,0.712535835,0.737380952,"{'max_depth': 10, 'n_estimators': 100}","{'max_depth': 10, 'n_estimators': 50}","{'max_depth': 5, 'n_estimators': 50}","{'max_depth': 10, 'n_estimators': 100}"
10,subsample_8.csv,xgbc,50,0.724285714,0.700543057,0.724285714,0.725,0.704980843,0.725,0.725357143,0.707270651,0.725357143,0.735714286,0.717987805,0.735714286,"{'max_depth': 3, 'n_estimators': 100}","{'max_depth': 5, 'n_estimators': 10}","{'max_depth': 3, 'n_estimators': 50}","{'max_depth': 3, 'n_estimators': 50}"
10,subsample_9.csv,xgbc,50,0.731428571,0.712098009,0.731428571,0.734285714,0.712741313,0.734285714,0.729642857,0.709850517,0.729642857,0.740238095,0.727045284,0.740238095,"{'max_depth': 5, 'n_estimators': 10}","{'max_depth': 3, 'n_estimators': 50}","{'max_depth': 3, 'n_estimators': 50}","{'max_depth': 3, 'n_estimators': 50}"
10,subsample_7.csv,xgbc,50,0.733571429,0.693256579,0.733571429,0.733214286,0.695970696,0.733214286,0.736428571,0.701456311,0.736428571,0.737619048,0.717145791,0.737619048,"{'max_depth': 3, 'n_estimators': 10}","{'max_depth': 5, 'n_estimators': 10}","{'max_depth': 3, 'n_estimators': 50}","{'max_depth': 3, 'n_estimators': 50}"
10,subsample_6.csv,xgbc,50,0.731071429,0.696493349,0.731071429,0.731071429,0.694026818,0.731071429,0.729642857,0.693646297,0.729642857,0.731428571,0.709727226,0.731428571,"{'max_depth': 3, 'n_estimators': 50}","{'max_depth': 5, 'n_estimators': 10}","{'max_depth': 3, 'n_estimators': 50}","{'max_depth': 5, 'n_estimators': 10}"
10,subsample_10.csv,xgbc,50,0.728214286,0.689006947,0.728214286,0.727142857,0.701095462,0.727142857,0.73,0.704918033,0.73,0.728809524,0.709660974,0.728809524,"{'max_depth': 3, 'n_estimators': 10}","{'max_depth': 3, 'n_estimators': 50}","{'max_depth': 3, 'n_estimators': 50}","{'max_depth': 3, 'n_estimators': 50}"
10,subsample_4.csv,xgbc,50,0.732142857,0.706802189,0.732142857,0.733928571,0.708642941,0.733928571,0.737142857,0.708630245,0.737142857,0.743571429,0.724763608,0.743571429,"{'max_depth': 3, 'n_estimators': 100}","{'max_depth': 3, 'n_estimators': 100}","{'max_depth': 3, 'n_estimators': 100}","{'max_depth': 3, 'n_estimators': 50}"
10,subsample_5.csv,xgbc,50,0.725357143,0.692276911,0.725357143,0.728214286,0.694254721,0.728214286,0.728571429,0.697933227,0.728571429,0.737142857,0.716341213,0.737142857,"{'max_depth': 3, 'n_estimators': 50}","{'max_depth': 3, 'n_estimators': 50}","{'max_depth': 3, 'n_estimators': 50}","{'max_depth': 5, 'n_estimators': 10}"
10,subsample_1.csv,xgbc,50,0.732142857,0.704025257,0.732142857,0.728928571,0.695303091,0.728928571,0.731785714,0.698514653,0.731785714,0.735952381,0.714983295,0.735952381,"{'max_depth': 3, 'n_estimators': 100}","{'max_depth': 3, 'n_estimators': 50}","{'max_depth': 3, 'n_estimators': 50}","{'max_depth': 5, 'n_estimators': 10}"
10,subsample_2.csv,xgbc,50,0.733571429,0.693256579,0.733571429,0.733571429,0.693256579,0.733571429,0.733571429,0.693256579,0.733571429,0.736190476,0.719777441,0.736190476,"{'max_depth': 3, 'n_estimators': 10}","{'max_depth': 3, 'n_estimators': 10}","{'max_depth': 3, 'n_estimators': 10}","{'max_depth': 3, 'n_estimators': 50}"
10,subsample_3.csv,xgbc,50,0.735714286,0.700889248,0.735714286,0.736428571,0.695544554,0.736428571,0.736428571,0.699755899,0.736428571,0.739285714,0.720591988,0.739285714,"{'max_depth': 3, 'n_estimators': 50}","{'max_depth': 3, 'n_estimators': 10}","{'max_depth': 3, 'n_estimators': 50}","{'max_depth': 3, 'n_estimators': 50}"
10,subsample_8.csv,lgbm,50,0.722142857,0.690039841,0.722142857,0.723214286,0.704085529,0.723214286,0.722857143,0.684809098,0.722857143,0.733809524,0.715376782,0.733809524,"{'learning_rate': 0.1, 'max_depth': 10, 'n_estimators': 10}","{'learning_rate': 0.1, 'max_depth': 5, 'n_estimators': 50}","{'learning_rate': 0.1, 'max_depth': 3, 'n_estimators': 50}","{'learning_rate': 0.05, 'max_depth': 5, 'n_estimators': 100}"
10,subsample_9.csv,lgbm,50,0.731785714,0.712590892,0.731785714,0.732857143,0.712970069,0.732857143,0.733571429,0.712191358,0.733571429,0.74047619,0.725717162,0.74047619,"{'learning_rate': 0.1, 'max_depth': 5, 'n_estimators': 50}","{'learning_rate': 0.05, 'max_depth': 5, 'n_estimators': 100}","{'learning_rate': 0.1, 'max_depth': 5, 'n_estimators': 100}","{'learning_rate': 0.1, 'max_depth': 3, 'n_estimators': 100}"
10,subsample_7.csv,lgbm,50,0.735,0.696647588,0.735,0.734285714,0.698785425,0.734285714,0.734285714,0.695581015,0.734285714,0.73952381,0.718186502,0.73952381,"{'learning_rate': 0.1, 'max_depth': 5, 'n_estimators': 50}","{'learning_rate': 0.1, 'max_depth': 3, 'n_estimators': 100}","{'learning_rate': 0.1, 'max_depth': 5, 'n_estimators': 50}","{'learning_rate': 0.1, 'max_depth': 3, 'n_estimators': 100}"
10,subsample_6.csv,lgbm,50,0.726428571,0.696993671,0.726428571,0.735357143,0.700121408,0.735357143,0.729642857,0.695372233,0.729642857,0.731428571,0.710323575,0.731428571,"{'learning_rate': 0.05, 'max_depth': 10, 'n_estimators': 100}","{'learning_rate': 0.1, 'max_depth': 3, 'n_estimators': 100}","{'learning_rate': 0.05, 'max_depth': 10, 'n_estimators': 50}","{'learning_rate': 0.05, 'max_depth': 5, 'n_estimators': 100}"
10,subsample_10.csv,lgbm,50,0.729642857,0.702787593,0.729642857,0.726785714,0.699410609,0.726785714,0.729285714,0.701574803,0.729285714,0.730952381,0.714502274,0.730952381,"{'learning_rate': 0.1, 'max_depth': 3, 'n_estimators': 100}","{'learning_rate': 0.1, 'max_depth': 3, 'n_estimators': 100}","{'learning_rate': 0.1, 'max_depth': 3, 'n_estimators': 100}","{'learning_rate': 0.1, 'max_depth': 3, 'n_estimators': 100}"
10,subsample_4.csv,lgbm,50,0.736071429,0.706396504,0.736071429,0.736071429,0.706396504,0.736071429,0.735357143,0.709297764,0.735357143,0.744285714,0.722623967,0.744285714,"{'learning_rate': 0.1, 'max_depth': 3, 'n_estimators': 100}","{'learning_rate': 0.1, 'max_depth': 3, 'n_estimators': 100}","{'learning_rate': 0.1, 'max_depth': 5, 'n_estimators': 100}","{'learning_rate': 0.1, 'max_depth': 3, 'n_estimators': 100}"
10,subsample_5.csv,lgbm,50,0.726785714,0.694122351,0.726785714,0.726785714,0.690909091,0.726785714,0.721071429,0.689463221,0.721071429,0.741666667,0.721866188,0.741666667,"{'learning_rate': 0.1, 'max_depth': 5, 'n_estimators': 50}","{'learning_rate': 0.05, 'max_depth': 5, 'n_estimators': 100}","{'learning_rate': 0.05, 'max_depth': 10, 'n_estimators': 100}","{'learning_rate': 0.1, 'max_depth': 3, 'n_estimators': 100}"
10,subsample_1.csv,lgbm,50,0.73,0.696385542,0.73,0.732142857,0.697824335,0.732142857,0.728214286,0.69498998,0.728214286,0.734047619,0.712779635,0.734047619,"{'learning_rate': 0.05, 'max_depth': 5, 'n_estimators': 100}","{'learning_rate': 0.1, 'max_depth': 5, 'n_estimators': 50}","{'learning_rate': 0.01, 'max_depth': 10, 'n_estimators': 100}","{'learning_rate': 0.1, 'max_depth': 5, 'n_estimators': 50}"
10,subsample_2.csv,lgbm,50,0.733214286,0.69297164,0.733214286,0.733214286,0.69297164,0.733214286,0.733214286,0.69297164,0.733214286,0.735714286,0.717844433,0.735714286,"{'learning_rate': 0.1, 'max_depth': 3, 'n_estimators': 10}","{'learning_rate': 0.1, 'max_depth': 3, 'n_estimators': 10}","{'learning_rate': 0.1, 'max_depth': 3, 'n_estimators': 10}","{'learning_rate': 0.05, 'max_depth': 5, 'n_estimators': 100}"
10,subsample_3.csv,lgbm,50,0.735,0.697636512,0.735,0.735357143,0.696932515,0.735357143,0.735714286,0.696969697,0.735714286,0.742619048,0.723741375,0.742619048,"{'learning_rate': 0.05, 'max_depth': 5, 'n_estimators': 100}","{'learning_rate': 0.1, 'max_depth': 3, 'n_estimators': 100}","{'learning_rate': 0.1, 'max_depth': 3, 'n_estimators': 100}","{'learning_rate': 0.1, 'max_depth': 3, 'n_estimators': 100}"
10,subsample_8.csv,lr,75,0.7275,0.695652174,0.7275,0.72,0.690363349,0.72,0.720714286,0.691640379,0.720714286,0.738809524,0.712752029,0.738809524,"{'C': 10, 'max_iter': 1000}","{'C': 10, 'max_iter': 1000}","{'C': 10, 'max_iter': 1000}","{'C': 10, 'max_iter': 1000}"
10,subsample_9.csv,lr,75,0.729285714,0.69872814,0.729285714,0.725714286,0.694996029,0.725714286,0.729285714,0.699444885,0.729285714,0.738809524,0.7138012,0.738809524,"{'C': 1, 'max_iter': 1000}","{'C': 1000, 'max_iter': 2000}","{'C': 100, 'max_iter': 1000}","{'C': 1, 'max_iter': 1000}"
10,subsample_7.csv,lr,75,0.729642857,0.697804391,0.729642857,0.727857143,0.698337292,0.727857143,0.731428571,0.702060222,0.731428571,0.739285714,0.713425805,0.739285714,"{'C': 10, 'max_iter': 1000}","{'C': 1000, 'max_iter': 2000}","{'C': 10, 'max_iter': 1000}","{'C': 100, 'max_iter': 1000}"
10,subsample_6.csv,lr,75,0.726785714,0.693632359,0.726785714,0.723571429,0.693100714,0.723571429,0.726428571,0.694089457,0.726428571,0.736666667,0.711829078,0.736666667,"{'C': 10, 'max_iter': 1000}","{'C': 100, 'max_iter': 1000}","{'C': 1000, 'max_iter': 2000}","{'C': 1, 'max_iter': 1000}"
10,subsample_10.csv,lr,75,0.725714286,0.695961995,0.725714286,0.7275,0.700666928,0.7275,0.7275,0.700666928,0.7275,0.73547619,0.711203535,0.73547619,"{'C': 1, 'max_iter': 1000}","{'C': 1, 'max_iter': 1000}","{'C': 1, 'max_iter': 1000}","{'C': 10, 'max_iter': 1000}"
10,subsample_4.csv,lr,75,0.728214286,0.698852394,0.728214286,0.734642857,0.703156213,0.734642857,0.728571429,0.695268645,0.728571429,0.741666667,0.715894213,0.741666667,"{'C': 100, 'max_iter': 1000}","{'C': 100, 'max_iter': 1000}","{'C': 1000, 'max_iter': 2000}","{'C': 10, 'max_iter': 1000}"
10,subsample_5.csv,lr,75,0.726428571,0.694089457,0.726428571,0.720714286,0.68694956,0.720714286,0.720714286,0.686447474,0.720714286,0.74047619,0.713760504,0.74047619,"{'C': 10, 'max_iter': 1000}","{'C': 10, 'max_iter': 1000}","{'C': 10, 'max_iter': 1000}","{'C': 1, 'max_iter': 1000}"
10,subsample_1.csv,lr,75,0.730714286,0.700317965,0.730714286,0.731785714,0.705605645,0.731785714,0.7275,0.701135919,0.7275,0.740714286,0.713947991,0.740714286,"{'C': 10, 'max_iter': 1000}","{'C': 100, 'max_iter': 1000}","{'C': 10, 'max_iter': 1000}","{'C': 10, 'max_iter': 1000}"
10,subsample_2.csv,lr,75,0.731071429,0.698920432,0.731071429,0.730357143,0.699801193,0.730357143,0.728928571,0.697729988,0.728928571,0.735714286,0.708048396,0.735714286,"{'C': 10, 'max_iter': 1000}","{'C': 10, 'max_iter': 1000}","{'C': 10, 'max_iter': 1000}","{'C': 100, 'max_iter': 1000}"
10,subsample_3.csv,lr,75,0.733928571,0.70164197,0.733928571,0.728928571,0.698450536,0.728928571,0.728571429,0.696969697,0.728571429,0.739285714,0.712824548,0.739285714,"{'C': 10, 'max_iter': 1000}","{'C': 100, 'max_iter': 1000}","{'C': 100, 'max_iter': 1000}","{'C': 10, 'max_iter': 1000}"
10,subsample_8.csv,rfc,75,0.723571429,0.691633466,0.723571429,0.720357143,0.688915375,0.720357143,0.722142857,0.68654311,0.722142857,0.732857143,0.710675606,0.732857143,"{'max_depth': 10, 'n_estimators': 100}","{'max_depth': 10, 'n_estimators': 50}","{'max_depth': 10, 'n_estimators': 100}","{'max_depth': 10, 'n_estimators': 50}"
10,subsample_9.csv,rfc,75,0.731428571,0.697018533,0.731428571,0.729642857,0.693646297,0.729642857,0.7325,0.697618086,0.7325,0.735714286,0.713622291,0.735714286,"{'max_depth': 10, 'n_estimators': 100}","{'max_depth': 10, 'n_estimators': 100}","{'max_depth': 10, 'n_estimators': 100}","{'max_depth': 5, 'n_estimators': 50}"
10,subsample_7.csv,rfc,75,0.738214286,0.702395453,0.738214286,0.734285714,0.696574225,0.734285714,0.735357143,0.698412698,0.735357143,0.736666667,0.71152843,0.736666667,"{'max_depth': 10, 'n_estimators': 50}","{'max_depth': 10, 'n_estimators': 100}","{'max_depth': 10, 'n_estimators': 100}","{'max_depth': 10, 'n_estimators': 100}"
10,subsample_6.csv,rfc,75,0.730714286,0.694983819,0.730714286,0.730357143,0.693711968,0.730357143,0.730714286,0.693993506,0.730714286,0.732857143,0.707507821,0.732857143,"{'max_depth': 10, 'n_estimators': 100}","{'max_depth': 10, 'n_estimators': 100}","{'max_depth': 10, 'n_estimators': 100}","{'max_depth': 10, 'n_estimators': 100}"
10,subsample_10.csv,rfc,75,0.725357143,0.691783567,0.725357143,0.727142857,0.690688259,0.727142857,0.726071429,0.692338548,0.726071429,0.728809524,0.707573813,0.728809524,"{'max_depth': 10, 'n_estimators': 100}","{'max_depth': 5, 'n_estimators': 10}","{'max_depth': 10, 'n_estimators': 100}","{'max_depth': 5, 'n_estimators': 50}"
10,subsample_4.csv,rfc,75,0.736428571,0.701214575,0.736428571,0.734285714,0.69382716,0.734285714,0.738571429,0.705787781,0.738571429,0.741666667,0.716931907,0.741666667,"{'max_depth': 10, 'n_estimators': 50}","{'max_depth': 5, 'n_estimators': 100}","{'max_depth': 10, 'n_estimators': 100}","{'max_depth': 10, 'n_estimators': 100}"
10,subsample_5.csv,rfc,75,0.721428571,0.6882494,0.721428571,0.724642857,0.686967113,0.724642857,0.727142857,0.691437803,0.727142857,0.736190476,0.713398862,0.736190476,"{'max_depth': 10, 'n_estimators': 10}","{'max_depth': 5, 'n_estimators': 50}","{'max_depth': 10, 'n_estimators': 100}","{'max_depth': 10, 'n_estimators': 50}"
10,subsample_1.csv,rfc,75,0.728214286,0.694745287,0.728214286,0.728928571,0.694813028,0.728928571,0.726785714,0.692400483,0.726785714,0.733809524,0.710961737,0.733809524,"{'max_depth': 10, 'n_estimators': 50}","{'max_depth': 10, 'n_estimators': 50}","{'max_depth': 10, 'n_estimators': 100}","{'max_depth': 5, 'n_estimators': 100}"
10,subsample_2.csv,rfc,75,0.735357143,0.698412698,0.735357143,0.733214286,0.695226438,0.733214286,0.735,0.69812856,0.735,0.738333333,0.711169514,0.738333333,"{'max_depth': 10, 'n_estimators': 100}","{'max_depth': 10, 'n_estimators': 100}","{'max_depth': 10, 'n_estimators': 100}","{'max_depth': 10, 'n_estimators': 100}"
10,subsample_3.csv,rfc,75,0.736785714,0.700284669,0.736785714,0.733214286,0.695723014,0.733214286,0.734642857,0.695366954,0.734642857,0.733333333,0.705882353,0.733333333,"{'max_depth': 10, 'n_estimators': 50}","{'max_depth': 5, 'n_estimators': 100}","{'max_depth': 5, 'n_estimators': 50}","{'max_depth': 10, 'n_estimators': 100}"
10,subsample_8.csv,xgbc,75,0.726785714,0.707008809,0.726785714,0.722857143,0.684809098,0.722857143,0.721071429,0.698339127,0.721071429,0.735,0.716865937,0.735,"{'max_depth': 3, 'n_estimators': 100}","{'max_depth': 3, 'n_estimators': 10}","{'max_depth': 5, 'n_estimators': 50}","{'max_depth': 3, 'n_estimators': 50}"
10,subsample_9.csv,xgbc,75,0.732857143,0.712528824,0.732857143,0.732857143,0.71208622,0.732857143,0.7325,0.711590296,0.7325,0.736190476,0.720484359,0.736190476,"{'max_depth': 5, 'n_estimators': 10}","{'max_depth': 5, 'n_estimators': 10}","{'max_depth': 5, 'n_estimators': 10}","{'max_depth': 3, 'n_estimators': 50}"
10,subsample_7.csv,xgbc,75,0.734285714,0.696574225,0.734285714,0.733214286,0.695723014,0.733214286,0.734285714,0.696821516,0.734285714,0.737380952,0.71461837,0.737380952,"{'max_depth': 5, 'n_estimators': 10}","{'max_depth': 5, 'n_estimators': 10}","{'max_depth': 5, 'n_estimators': 10}","{'max_depth': 3, 'n_estimators': 50}"
10,subsample_6.csv,xgbc,75,0.731785714,0.694342694,0.731785714,0.732142857,0.692118227,0.732142857,0.735,0.700564972,0.735,0.730952381,0.710997442,0.730952381,"{'max_depth': 5, 'n_estimators': 10}","{'max_depth': 3, 'n_estimators': 10}","{'max_depth': 3, 'n_estimators': 50}","{'max_depth': 3, 'n_estimators': 50}"
10,subsample_10.csv,xgbc,75,0.728214286,0.689006947,0.728214286,0.727857143,0.702576112,0.727857143,0.727857143,0.701176471,0.727857143,0.727857143,0.70952986,0.727857143,"{'max_depth': 3, 'n_estimators': 10}","{'max_depth': 3, 'n_estimators': 50}","{'max_depth': 3, 'n_estimators': 50}","{'max_depth': 3, 'n_estimators': 50}"
10,subsample_4.csv,xgbc,75,0.735,0.707643814,0.735,0.734642857,0.709878954,0.734642857,0.734285714,0.704292528,0.734285714,0.743809524,0.721532091,0.743809524,"{'max_depth': 3, 'n_estimators': 50}","{'max_depth': 3, 'n_estimators': 100}","{'max_depth': 3, 'n_estimators': 50}","{'max_depth': 3, 'n_estimators': 50}"
10,subsample_5.csv,xgbc,75,0.7275,0.690968003,0.7275,0.728928571,0.696278511,0.728928571,0.729285714,0.70390625,0.729285714,0.732142857,0.709827186,0.732142857,"{'max_depth': 5, 'n_estimators': 10}","{'max_depth': 3, 'n_estimators': 50}","{'max_depth': 3, 'n_estimators': 100}","{'max_depth': 3, 'n_estimators': 50}"
10,subsample_1.csv,xgbc,75,0.7325,0.699075934,0.7325,0.731428571,0.69823435,0.731428571,0.731071429,0.697468863,0.731071429,0.737857143,0.717619903,0.737857143,"{'max_depth': 3, 'n_estimators': 50}","{'max_depth': 3, 'n_estimators': 50}","{'max_depth': 5, 'n_estimators': 10}","{'max_depth': 3, 'n_estimators': 50}"
10,subsample_2.csv,xgbc,75,0.733571429,0.693256579,0.733571429,0.733571429,0.693256579,0.733571429,0.733571429,0.693256579,0.733571429,0.73547619,0.715492958,0.73547619,"{'max_depth': 3, 'n_estimators': 10}","{'max_depth': 3, 'n_estimators': 10}","{'max_depth': 3, 'n_estimators': 10}","{'max_depth': 3, 'n_estimators': 50}"
10,subsample_3.csv,xgbc,75,0.738571429,0.702922078,0.738571429,0.737142857,0.700569569,0.737142857,0.736785714,0.698814875,0.736785714,0.737857143,0.71718469,0.737857143,"{'max_depth': 3, 'n_estimators': 50}","{'max_depth': 3, 'n_estimators': 50}","{'max_depth': 3, 'n_estimators': 50}","{'max_depth': 3, 'n_estimators': 50}"
10,subsample_8.csv,lgbm,75,0.719285714,0.687847498,0.719285714,0.723214286,0.689129563,0.723214286,0.722142857,0.687800963,0.722142857,0.734761905,0.71653944,0.734761905,"{'learning_rate': 0.05, 'max_depth': 10, 'n_estimators': 10}","{'learning_rate': 0.05, 'max_depth': 10, 'n_estimators': 50}","{'learning_rate': 0.05, 'max_depth': 10, 'n_estimators': 50}","{'learning_rate': 0.1, 'max_depth': 3, 'n_estimators': 100}"
10,subsample_9.csv,lgbm,75,0.732142857,0.711316397,0.732142857,0.731785714,0.712150249,0.731785714,0.731071429,0.711383672,0.731071429,0.74,0.723823976,0.74,"{'learning_rate': 0.1, 'max_depth': 3, 'n_estimators': 100}","{'learning_rate': 0.1, 'max_depth': 5, 'n_estimators': 50}","{'learning_rate': 0.05, 'max_depth': 5, 'n_estimators': 100}","{'learning_rate': 0.1, 'max_depth': 3, 'n_estimators': 100}"
10,subsample_7.csv,lgbm,75,0.735,0.700806452,0.735,0.732857143,0.696181966,0.732857143,0.733928571,0.698258404,0.733928571,0.74,0.718991251,0.74,"{'learning_rate': 0.05, 'max_depth': 10, 'n_estimators': 50}","{'learning_rate': 0.1, 'max_depth': 5, 'n_estimators': 50}","{'learning_rate': 0.05, 'max_depth': 10, 'n_estimators': 50}","{'learning_rate': 0.05, 'max_depth': 3, 'n_estimators': 100}"
10,subsample_6.csv,lgbm,75,0.733214286,0.699154249,0.733214286,0.731071429,0.696493349,0.731071429,0.730714286,0.695230396,0.730714286,0.733333333,0.710594315,0.733333333,"{'learning_rate': 0.05, 'max_depth': 10, 'n_estimators': 50}","{'learning_rate': 0.05, 'max_depth': 10, 'n_estimators': 50}","{'learning_rate': 0.05, 'max_depth': 5, 'n_estimators': 100}","{'learning_rate': 0.05, 'max_depth': 5, 'n_estimators': 100}"
10,subsample_10.csv,lgbm,75,0.728571429,0.689795918,0.728571429,0.7275,0.700431881,0.7275,0.729285714,0.702745098,0.729285714,0.73,0.711156393,0.73,"{'learning_rate': 0.05, 'max_depth': 3, 'n_estimators': 100}","{'learning_rate': 0.1, 'max_depth': 3, 'n_estimators': 100}","{'learning_rate': 0.1, 'max_depth': 3, 'n_estimators': 100}","{'learning_rate': 0.1, 'max_depth': 3, 'n_estimators': 100}"
10,subsample_4.csv,lgbm,75,0.735357143,0.707230344,0.735357143,0.737142857,0.708630245,0.737142857,0.736071429,0.706396504,0.736071429,0.743095238,0.721116568,0.743095238,"{'learning_rate': 0.05, 'max_depth': 5, 'n_estimators': 100}","{'learning_rate': 0.05, 'max_depth': 5, 'n_estimators': 100}","{'learning_rate': 0.1, 'max_depth': 3, 'n_estimators': 50}","{'learning_rate': 0.1, 'max_depth': 3, 'n_estimators': 100}"
10,subsample_5.csv,lgbm,75,0.727142857,0.693172691,0.727142857,0.724642857,0.693926161,0.724642857,0.725714286,0.690572119,0.725714286,0.742142857,0.720804331,0.742142857,"{'learning_rate': 0.1, 'max_depth': 5, 'n_estimators': 50}","{'learning_rate': 0.05, 'max_depth': 10, 'n_estimators': 100}","{'learning_rate': 0.1, 'max_depth': 5, 'n_estimators': 50}","{'learning_rate': 0.1, 'max_depth': 3, 'n_estimators': 100}"
10,subsample_1.csv,lgbm,75,0.728214286,0.69644994,0.728214286,0.728928571,0.696763883,0.728928571,0.728928571,0.696521391,0.728928571,0.737142857,0.715317174,0.737142857,"{'learning_rate': 0.1, 'max_depth': 10, 'n_estimators': 10}","{'learning_rate': 0.1, 'max_depth': 5, 'n_estimators': 50}","{'learning_rate': 0.05, 'max_depth': 5, 'n_estimators': 100}","{'learning_rate': 0.05, 'max_depth': 5, 'n_estimators': 100}"
10,subsample_2.csv,lgbm,75,0.733214286,0.69297164,0.733214286,0.733214286,0.69297164,0.733214286,0.733214286,0.69297164,0.733214286,0.736190476,0.715020576,0.736190476,"{'learning_rate': 0.1, 'max_depth': 3, 'n_estimators': 10}","{'learning_rate': 0.1, 'max_depth': 3, 'n_estimators': 10}","{'learning_rate': 0.1, 'max_depth': 3, 'n_estimators': 10}","{'learning_rate': 0.1, 'max_depth': 3, 'n_estimators': 100}"
10,subsample_3.csv,lgbm,75,0.735714286,0.699675325,0.735714286,0.738928571,0.700777732,0.738928571,0.736071429,0.697997548,0.736071429,0.738333333,0.718565941,0.738333333,"{'learning_rate': 0.1, 'max_depth': 3, 'n_estimators': 100}","{'learning_rate': 0.1, 'max_depth': 3, 'n_estimators': 100}","{'learning_rate': 0.1, 'max_depth': 3, 'n_estimators': 100}","{'learning_rate': 0.1, 'max_depth': 3, 'n_estimators': 50}"
10,subsample_8.csv,lr,90,0.725357143,0.693503388,0.725357143,0.725,0.692246203,0.725,0.718928571,0.686078979,0.718928571,0.738809524,0.712752029,0.738809524,"{'C': 100, 'max_iter': 1000}","{'C': 1000, 'max_iter': 1000}","{'C': 1000, 'max_iter': 1000}","{'C': 10, 'max_iter': 1000}"
10,subsample_9.csv,lr,90,0.728571429,0.703588144,0.728571429,0.728571429,0.699842022,0.728571429,0.724285714,0.695102686,0.724285714,0.738809524,0.7138012,0.738809524,"{'C': 1000, 'max_iter': 2000}","{'C': 10, 'max_iter': 1000}","{'C': 1000, 'max_iter': 1000}","{'C': 1, 'max_iter': 1000}"
10,subsample_7.csv,lr,90,0.732142857,0.700718276,0.732142857,0.7325,0.700998004,0.7325,0.732142857,0.7,0.732142857,0.739047619,0.713089005,0.739047619,"{'C': 1000, 'max_iter': 1000}","{'C': 100, 'max_iter': 1000}","{'C': 100, 'max_iter': 1000}","{'C': 100, 'max_iter': 1000}"
10,subsample_6.csv,lr,90,0.728928571,0.697005988,0.728928571,0.728214286,0.695234281,0.728214286,0.726785714,0.693386774,0.726785714,0.736666667,0.711829078,0.736666667,"{'C': 1000, 'max_iter': 1000}","{'C': 1000, 'max_iter': 2000}","{'C': 1000, 'max_iter': 1000}","{'C': 1, 'max_iter': 1000}"
10,subsample_10.csv,lr,90,0.731071429,0.701545779,0.731071429,0.726785714,0.698700276,0.726785714,0.726785714,0.698700276,0.726785714,0.735238095,0.711018711,0.735238095,"{'C': 10, 'max_iter': 1000}","{'C': 1, 'max_iter': 1000}","{'C': 1, 'max_iter': 1000}","{'C': 10, 'max_iter': 1000}"
10,subsample_4.csv,lr,90,0.728214286,0.699328329,0.728214286,0.729642857,0.701380671,0.729642857,0.728214286,0.700747149,0.728214286,0.741428571,0.715706806,0.741428571,"{'C': 10, 'max_iter': 1000}","{'C': 100, 'max_iter': 1000}","{'C': 1000, 'max_iter': 1000}","{'C': 10, 'max_iter': 1000}"
10,subsample_5.csv,lr,90,0.728214286,0.697174692,0.728214286,0.73,0.698324022,0.73,0.724285714,0.690952762,0.724285714,0.74047619,0.713760504,0.74047619,"{'C': 10, 'max_iter': 1000}","{'C': 100, 'max_iter': 1000}","{'C': 10, 'max_iter': 1000}","{'C': 1, 'max_iter': 1000}"
10,subsample_1.csv,lr,90,0.731785714,0.70091597,0.731785714,0.73,0.7,0.73,0.73,0.7,0.73,0.74047619,0.713760504,0.74047619,"{'C': 100, 'max_iter': 2000}","{'C': 10, 'max_iter': 1000}","{'C': 10, 'max_iter': 1000}","{'C': 10, 'max_iter': 1000}"
10,subsample_2.csv,lr,90,0.73,0.698083067,0.73,0.730714286,0.698641087,0.730714286,0.73,0.698083067,0.73,0.735714286,0.708048396,0.735714286,"{'C': 10, 'max_iter': 1000}","{'C': 10, 'max_iter': 1000}","{'C': 10, 'max_iter': 1000}","{'C': 100, 'max_iter': 1000}"
10,subsample_3.csv,lr,90,0.735714286,0.701853344,0.735714286,0.727142857,0.696825397,0.727142857,0.729642857,0.69828617,0.729642857,0.739285714,0.712824548,0.739285714,"{'C': 100, 'max_iter': 1000}","{'C': 1, 'max_iter': 1000}","{'C': 100, 'max_iter': 1000}","{'C': 10, 'max_iter': 1000}"
10,subsample_8.csv,rfc,90,0.721785714,0.687274187,0.721785714,0.721785714,0.687022901,0.721785714,0.723571429,0.691141261,0.723571429,0.730714286,0.707222366,0.730714286,"{'max_depth': 10, 'n_estimators': 100}","{'max_depth': 10, 'n_estimators': 100}","{'max_depth': 10, 'n_estimators': 100}","{'max_depth': 10, 'n_estimators': 100}"
10,subsample_9.csv,rfc,90,0.734642857,0.706440142,0.734642857,0.730357143,0.695687223,0.730357143,0.733571429,0.700882117,0.733571429,0.73452381,0.712702912,0.73452381,"{'max_depth': 10, 'n_estimators': 50}","{'max_depth': 10, 'n_estimators': 50}","{'max_depth': 10, 'n_estimators': 100}","{'max_depth': 5, 'n_estimators': 100}"
10,subsample_7.csv,rfc,90,0.736071429,0.700445886,0.736071429,0.7325,0.6946596,0.7325,0.735357143,0.697920913,0.735357143,0.73047619,0.709594664,0.73047619,"{'max_depth': 10, 'n_estimators': 100}","{'max_depth': 10, 'n_estimators': 50}","{'max_depth': 10, 'n_estimators': 100}","{'max_depth': 5, 'n_estimators': 50}"
10,subsample_6.csv,rfc,90,0.731785714,0.696320259,0.731785714,0.732142857,0.696110211,0.732142857,0.731785714,0.696320259,0.731785714,0.733809524,0.707788813,0.733809524,"{'max_depth': 10, 'n_estimators': 100}","{'max_depth': 10, 'n_estimators': 50}","{'max_depth': 10, 'n_estimators': 100}","{'max_depth': 10, 'n_estimators': 50}"
10,subsample_10.csv,rfc,90,0.726428571,0.692369478,0.726428571,0.725714286,0.687296417,0.725714286,0.727142857,0.688417618,0.727142857,0.73047619,0.708247423,0.73047619,"{'max_depth': 10, 'n_estimators': 50}","{'max_depth': 5, 'n_estimators': 100}","{'max_depth': 5, 'n_estimators': 50}","{'max_depth': 5, 'n_estimators': 100}"
10,subsample_4.csv,rfc,90,0.7375,0.701583435,0.7375,0.737857143,0.701140065,0.737857143,0.737142857,0.699100572,0.737142857,0.743333333,0.717357105,0.743333333,"{'max_depth': 10, 'n_estimators': 50}","{'max_depth': 10, 'n_estimators': 50}","{'max_depth': 10, 'n_estimators': 50}","{'max_depth': 10, 'n_estimators': 100}"
10,subsample_5.csv,rfc,90,0.724642857,0.687474666,0.724642857,0.728571429,0.693795326,0.728571429,0.727857143,0.692741935,0.727857143,0.735714286,0.710182768,0.735714286,"{'max_depth': 5, 'n_estimators': 50}","{'max_depth': 10, 'n_estimators': 100}","{'max_depth': 10, 'n_estimators': 50}","{'max_depth': 10, 'n_estimators': 50}"
10,subsample_1.csv,rfc,90,0.730357143,0.693960276,0.730357143,0.729285714,0.695826645,0.729285714,0.73,0.696385542,0.73,0.738571429,0.713315927,0.738571429,"{'max_depth': 10, 'n_estimators': 50}","{'max_depth': 10, 'n_estimators': 10}","{'max_depth': 10, 'n_estimators': 50}","{'max_depth': 10, 'n_estimators': 100}"
10,subsample_2.csv,rfc,90,0.731428571,0.691550451,0.731428571,0.732857143,0.694693878,0.732857143,0.733928571,0.697523346,0.733928571,0.738095238,0.709762533,0.738095238,"{'max_depth': 5, 'n_estimators': 50}","{'max_depth': 5, 'n_estimators': 100}","{'max_depth': 10, 'n_estimators': 50}","{'max_depth': 10, 'n_estimators': 100}"
10,subsample_3.csv,rfc,90,0.733928571,0.697277529,0.733928571,0.736785714,0.699306406,0.736785714,0.736428571,0.698036007,0.736428571,0.732142857,0.70418091,0.732142857,"{'max_depth': 10, 'n_estimators': 100}","{'max_depth': 10, 'n_estimators': 50}","{'max_depth': 10, 'n_estimators': 10}","{'max_depth': 10, 'n_estimators': 100}"
10,subsample_8.csv,xgbc,90,0.723571429,0.701619121,0.723571429,0.727142857,0.707279693,0.727142857,0.727142857,0.707279693,0.727142857,0.728571429,0.709331973,0.728571429,"{'max_depth': 3, 'n_estimators': 100}","{'max_depth': 3, 'n_estimators': 10}","{'max_depth': 3, 'n_estimators': 10}","{'max_depth': 3, 'n_estimators': 50}"
10,subsample_9.csv,xgbc,90,0.736071429,0.711890838,0.736071429,0.731428571,0.70965251,0.731428571,0.733571429,0.711969112,0.733571429,0.737142857,0.726867887,0.737142857,"{'max_depth': 5, 'n_estimators': 10}","{'max_depth': 3, 'n_estimators': 50}","{'max_depth': 3, 'n_estimators': 50}","{'max_depth': 3, 'n_estimators': 50}"
10,subsample_7.csv,xgbc,90,0.736785714,0.703659027,0.736785714,0.733214286,0.694728239,0.733214286,0.733214286,0.694728239,0.733214286,0.738809524,0.716317559,0.738809524,"{'max_depth': 3, 'n_estimators': 50}","{'max_depth': 5, 'n_estimators': 10}","{'max_depth': 5, 'n_estimators': 10}","{'max_depth': 3, 'n_estimators': 50}"
10,subsample_6.csv,xgbc,90,0.733928571,0.700683005,0.733928571,0.732857143,0.699839486,0.732857143,0.733928571,0.7004423,0.733928571,0.727142857,0.705549846,0.727142857,"{'max_depth': 3, 'n_estimators': 50}","{'max_depth': 3, 'n_estimators': 50}","{'max_depth': 3, 'n_estimators': 50}","{'max_depth': 5, 'n_estimators': 10}"
10,subsample_10.csv,xgbc,90,0.728571429,0.701726845,0.728571429,0.728214286,0.689006947,0.728214286,0.728214286,0.689006947,0.728214286,0.726904762,0.708661417,0.726904762,"{'max_depth': 3, 'n_estimators': 50}","{'max_depth': 3, 'n_estimators': 10}","{'max_depth': 3, 'n_estimators': 10}","{'max_depth': 3, 'n_estimators': 50}"
10,subsample_4.csv,xgbc,90,0.731785714,0.704447068,0.731785714,0.731785714,0.70351362,0.731785714,0.733214286,0.705789681,0.733214286,0.743333333,0.722879177,0.743333333,"{'max_depth': 3, 'n_estimators': 100}","{'max_depth': 3, 'n_estimators': 50}","{'max_depth': 3, 'n_estimators': 50}","{'max_depth': 3, 'n_estimators': 50}"
10,subsample_5.csv,xgbc,90,0.73,0.70537802,0.73,0.727142857,0.702492212,0.727142857,0.727142857,0.688163265,0.727142857,0.732857143,0.713483146,0.732857143,"{'max_depth': 3, 'n_estimators': 50}","{'max_depth': 3, 'n_estimators': 100}","{'max_depth': 3, 'n_estimators': 10}","{'max_depth': 3, 'n_estimators': 50}"
10,subsample_1.csv,xgbc,90,0.730357143,0.697637165,0.730357143,0.731428571,0.70300158,0.731428571,0.732142857,0.699519231,0.732142857,0.736190476,0.71369509,0.736190476,"{'max_depth': 3, 'n_estimators': 50}","{'max_depth': 3, 'n_estimators': 100}","{'max_depth': 3, 'n_estimators': 50}","{'max_depth': 5, 'n_estimators': 10}"
10,subsample_2.csv,xgbc,90,0.733571429,0.693256579,0.733571429,0.733571429,0.693256579,0.733571429,0.733571429,0.693256579,0.733571429,0.731190476,0.718243075,0.731190476,"{'max_depth': 3, 'n_estimators': 10}","{'max_depth': 3, 'n_estimators': 10}","{'max_depth': 3, 'n_estimators': 10}","{'max_depth': 3, 'n_estimators': 50}"
10,subsample_3.csv,xgbc,90,0.738928571,0.704407602,0.738928571,0.734642857,0.697352342,0.734642857,0.736428571,0.699266504,0.736428571,0.728571429,0.710218607,0.728571429,"{'max_depth': 3, 'n_estimators': 50}","{'max_depth': 3, 'n_estimators': 50}","{'max_depth': 3, 'n_estimators': 50}","{'max_depth': 3, 'n_estimators': 50}"
10,subsample_8.csv,lgbm,90,0.722857143,0.690095847,0.722857143,0.725,0.704754601,0.725,0.724285714,0.699142634,0.724285714,0.733809524,0.713333333,0.733809524,"{'learning_rate': 0.01, 'max_depth': 10, 'n_estimators': 100}","{'learning_rate': 0.1, 'max_depth': 5, 'n_estimators': 100}","{'learning_rate': 0.05, 'max_depth': 5, 'n_estimators': 100}","{'learning_rate': 0.1, 'max_depth': 5, 'n_estimators': 50}"
10,subsample_9.csv,lgbm,90,0.736428571,0.716807368,0.736428571,0.733928571,0.714887103,0.733928571,0.733214286,0.713463751,0.733214286,0.741190476,0.725851198,0.741190476,"{'learning_rate': 0.05, 'max_depth': 5, 'n_estimators': 100}","{'learning_rate': 0.1, 'max_depth': 3, 'n_estimators': 100}","{'learning_rate': 0.1, 'max_depth': 3, 'n_estimators': 100}","{'learning_rate': 0.1, 'max_depth': 3, 'n_estimators': 100}"
10,subsample_7.csv,lgbm,90,0.733571429,0.693256579,0.733571429,0.733571429,0.693256579,0.733571429,0.733928571,0.696784697,0.733928571,0.737380952,0.716816431,0.737380952,"{'learning_rate': 0.1, 'max_depth': 3, 'n_estimators': 50}","{'learning_rate': 0.05, 'max_depth': 3, 'n_estimators': 100}","{'learning_rate': 0.1, 'max_depth': 3, 'n_estimators': 100}","{'learning_rate': 0.1, 'max_depth': 3, 'n_estimators': 100}"
10,subsample_6.csv,lgbm,90,0.733928571,0.700201207,0.733928571,0.728214286,0.695721711,0.728214286,0.731071429,0.696737817,0.731071429,0.731666667,0.710803182,0.731666667,"{'learning_rate': 0.05, 'max_depth': 10, 'n_estimators': 50}","{'learning_rate': 0.05, 'max_depth': 10, 'n_estimators': 100}","{'learning_rate': 0.05, 'max_depth': 10, 'n_estimators': 50}","{'learning_rate': 0.1, 'max_depth': 5, 'n_estimators': 50}"
10,subsample_10.csv,lgbm,90,0.727142857,0.694644285,0.727142857,0.7275,0.699724518,0.7275,0.727857143,0.695443645,0.727857143,0.731904762,0.712608474,0.731904762,"{'learning_rate': 0.1, 'max_depth': 3, 'n_estimators': 100}","{'learning_rate': 0.1, 'max_depth': 3, 'n_estimators': 100}","{'learning_rate': 0.1, 'max_depth': 3, 'n_estimators': 100}","{'learning_rate': 0.1, 'max_depth': 3, 'n_estimators': 100}"
10,subsample_4.csv,lgbm,90,0.735357143,0.707692308,0.735357143,0.735,0.707413249,0.735,0.735,0.705321684,0.735,0.741904762,0.720906282,0.741904762,"{'learning_rate': 0.1, 'max_depth': 3, 'n_estimators': 100}","{'learning_rate': 0.1, 'max_depth': 3, 'n_estimators': 100}","{'learning_rate': 0.1, 'max_depth': 3, 'n_estimators': 50}","{'learning_rate': 0.1, 'max_depth': 3, 'n_estimators': 50}"
10,subsample_5.csv,lgbm,90,0.728571429,0.693548387,0.728571429,0.726071429,0.692338548,0.726071429,0.729285714,0.698007968,0.729285714,0.735,0.715272448,0.735,"{'learning_rate': 0.05, 'max_depth': 5, 'n_estimators': 100}","{'learning_rate': 0.05, 'max_depth': 5, 'n_estimators': 100}","{'learning_rate': 0.05, 'max_depth': 5, 'n_estimators': 100}","{'learning_rate': 0.1, 'max_depth': 3, 'n_estimators': 100}"
10,subsample_1.csv,lgbm,90,0.732857143,0.699839486,0.732857143,0.731785714,0.691834222,0.731785714,0.731785714,0.691834222,0.731785714,0.736428571,0.717096857,0.736428571,"{'learning_rate': 0.05, 'max_depth': 5, 'n_estimators': 100}","{'learning_rate': 0.1, 'max_depth': 3, 'n_estimators': 50}","{'learning_rate': 0.1, 'max_depth': 3, 'n_estimators': 50}","{'learning_rate': 0.1, 'max_depth': 3, 'n_estimators': 100}"
10,subsample_2.csv,lgbm,90,0.733214286,0.697937727,0.733214286,0.733214286,0.69297164,0.733214286,0.733214286,0.69297164,0.733214286,0.735714286,0.713622291,0.735714286,"{'learning_rate': 0.05, 'max_depth': 10, 'n_estimators': 50}","{'learning_rate': 0.1, 'max_depth': 3, 'n_estimators': 10}","{'learning_rate': 0.1, 'max_depth': 3, 'n_estimators': 10}","{'learning_rate': 0.05, 'max_depth': 5, 'n_estimators': 50}"
10,subsample_3.csv,lgbm,90,0.7375,0.700854701,0.7375,0.737142857,0.698607699,0.737142857,0.739285714,0.701309329,0.739285714,0.738809524,0.716903226,0.738809524,"{'learning_rate': 0.1, 'max_depth': 3, 'n_estimators': 100}","{'learning_rate': 0.1, 'max_depth': 3, 'n_estimators': 100}","{'learning_rate': 0.1, 'max_depth': 3, 'n_estimators': 100}","{'learning_rate': 0.1, 'max_depth': 3, 'n_estimators': 50}"
10,subsample_1.csv,svm,10,0.728571429,0.695024077,0.728571429,0.732857143,0.695191524,0.732857143,0.725,0.693471338,0.725,0.730952381,0.715937657,0.730952381,,,,
10,subsample_10.csv,svm,10,0.727142857,0.690938511,0.727142857,0.724285714,0.695102686,0.724285714,0.717142857,0.681415929,0.717142857,0.725,0.713612695,0.725,,,,
10,subsample_2.csv,svm,10,0.730357143,0.691710902,0.730357143,0.7325,0.694160882,0.7325,0.727857143,0.700706991,0.727857143,0.734761905,0.719677906,0.734761905,,,,
10,subsample_3.csv,svm,10,0.737857143,0.699180328,0.737857143,0.736785714,0.697826978,0.736785714,0.721785714,0.693186294,0.721785714,0.730714286,0.712433257,0.730714286,,,,
10,subsample_4.csv,svm,10,0.735357143,0.696684404,0.735357143,0.734285714,0.705696203,0.734285714,0.735,0.696647588,0.735,0.734047619,0.716425489,0.734047619,,,,
10,subsample_5.csv,svm,10,0.728928571,0.69183922,0.728928571,0.728214286,0.691027203,0.728214286,0.722857143,0.696162882,0.722857143,0.733095238,0.719539655,0.733095238,,,,
10,subsample_6.csv,svm,10,0.730357143,0.690700533,0.730357143,0.733214286,0.695474929,0.733214286,0.721785714,0.689021956,0.721785714,0.727380952,0.709021601,0.727380952,,,,
10,subsample_7.csv,svm,10,0.725714286,0.695961995,0.725714286,0.732857143,0.694942904,0.732857143,0.726785714,0.695097648,0.726785714,0.730714286,0.716612378,0.730714286,,,,
10,subsample_8.csv,svm,10,0.722142857,0.687299035,0.722142857,0.723214286,0.697147323,0.723214286,0.721071429,0.685714286,0.721071429,0.726190476,0.717444717,0.726190476,,,,
10,subsample_9.csv,svm,10,0.728571429,0.692307692,0.728571429,0.732142857,0.704491726,0.732142857,0.719642857,0.688615629,0.719642857,0.729285714,0.724897169,0.729285714,,,,
10,subsample_1.csv,svm,20,0.735357143,0.699391481,0.735357143,0.7325,0.693910911,0.7325,0.733214286,0.696217975,0.733214286,0.739761905,0.713349069,0.739761905,,,,
10,subsample_10.csv,svm,20,0.726071429,0.691099476,0.726071429,0.729285714,0.700631912,0.729285714,0.728928571,0.70035531,0.728928571,0.737380952,0.711332112,0.737380952,,,,
10,subsample_2.csv,svm,20,0.733571429,0.704905063,0.733571429,0.733571429,0.704905063,0.733571429,0.733571429,0.704905063,0.733571429,0.73952381,0.707486631,0.73952381,,,,
10,subsample_3.csv,svm,20,0.738214286,0.698973306,0.738214286,0.738571429,0.699260477,0.738571429,0.738214286,0.698973306,0.738214286,0.744761905,0.712754555,0.744761905,,,,
10,subsample_4.csv,svm,20,0.739285714,0.708233413,0.739285714,0.736785714,0.708118812,0.736785714,0.7375,0.708680143,0.7375,0.750238095,0.719743521,0.750238095,,,,
10,subsample_5.csv,svm,20,0.726785714,0.693632359,0.726785714,0.728214286,0.691027203,0.728214286,0.728214286,0.691027203,0.728214286,0.742857143,0.712460064,0.742857143,,,,
10,subsample_6.csv,svm,20,0.731785714,0.698997996,0.731785714,0.734642857,0.706440142,0.734642857,0.735357143,0.706998814,0.735357143,0.739285714,0.709472008,0.739285714,,,,
10,subsample_7.csv,svm,20,0.733928571,0.697523346,0.733928571,0.734642857,0.696114519,0.734642857,0.735,0.696647588,0.735,0.741904762,0.715186548,0.741904762,,,,
10,subsample_8.csv,svm,20,0.729285714,0.702044025,0.729285714,0.727857143,0.700941915,0.727857143,0.727857143,0.700941915,0.727857143,0.74,0.717537506,0.74,,,,
10,subsample_9.csv,svm,20,0.733928571,0.702119152,0.733928571,0.735,0.706254949,0.735,0.735,0.706487342,0.735,0.744761905,0.726670066,0.744761905,,,,
10,subsample_1.csv,svm,30,0.732142857,0.700239808,0.732142857,0.735,0.697636512,0.735,0.7325,0.695652174,0.7325,0.742619048,0.712117177,0.742619048,,,,
10,subsample_10.csv,svm,30,0.7275,0.69637883,0.7275,0.728571429,0.700078927,0.728571429,0.728928571,0.700591716,0.728928571,0.737619048,0.711970727,0.737619048,,,,
10,subsample_2.csv,svm,30,0.734285714,0.701923077,0.734285714,0.733571429,0.704905063,0.733571429,0.733571429,0.704905063,0.733571429,0.740952381,0.707684041,0.740952381,,,,
10,subsample_3.csv,svm,30,0.734642857,0.698824483,0.734642857,0.738571429,0.699260477,0.738571429,0.737857143,0.698190789,0.737857143,0.746428571,0.713169943,0.746428571,,,,
10,subsample_4.csv,svm,30,0.736785714,0.705553336,0.736785714,0.7375,0.707753479,0.7375,0.7375,0.708680143,0.7375,0.75047619,0.719034853,0.75047619,,,,
10,subsample_5.csv,svm,30,0.728214286,0.69498998,0.728214286,0.73,0.693181818,0.73,0.728571429,0.69130788,0.728571429,0.743095238,0.712036296,0.743095238,,,,
10,subsample_6.csv,svm,30,0.729285714,0.699444885,0.729285714,0.734285714,0.705229794,0.734285714,0.733214286,0.705325444,0.733214286,0.740238095,0.709763235,0.740238095,,,,
10,subsample_7.csv,svm,30,0.733928571,0.700923324,0.733928571,0.734642857,0.696114519,0.734642857,0.734642857,0.696362893,0.734642857,0.739047619,0.708044752,0.739047619,,,,
10,subsample_8.csv,svm,30,0.726785714,0.699882307,0.726785714,0.727857143,0.700941915,0.727857143,0.728214286,0.701217118,0.728214286,0.741666667,0.722577346,0.741666667,,,,
10,subsample_9.csv,svm,30,0.731071429,0.701309004,0.731071429,0.735,0.706487342,0.735,0.735,0.706254949,0.735,0.745238095,0.728701826,0.745238095,,,,
10,subsample_1.csv,svm,50,0.732142857,0.703791469,0.732142857,0.732142857,0.693126023,0.732142857,0.733571429,0.694262295,0.733571429,0.742857143,0.710300429,0.742857143,,,,
10,subsample_10.csv,svm,50,0.726071429,0.696957724,0.726071429,0.728571429,0.69769292,0.728571429,0.725357143,0.696646943,0.725357143,0.735952381,0.704345508,0.735952381,,,,
10,subsample_2.csv,svm,50,0.734285714,0.700483092,0.734285714,0.733214286,0.701796407,0.733214286,0.734285714,0.702161729,0.734285714,0.741666667,0.70667748,0.741666667,,,,
10,subsample_3.csv,svm,50,0.736428571,0.699021207,0.736428571,0.737857143,0.698933552,0.737857143,0.733571429,0.69724026,0.733571429,0.746666667,0.711653117,0.746666667,,,,
10,subsample_4.csv,svm,50,0.739642857,0.708982036,0.739642857,0.74,0.707395498,0.74,0.738571429,0.706024096,0.738571429,0.745714286,0.714438503,0.745714286,,,,
10,subsample_5.csv,svm,50,0.728928571,0.697970553,0.728928571,0.728214286,0.69789599,0.728214286,0.728928571,0.699167658,0.728928571,0.743571429,0.709938055,0.743571429,,,,
10,subsample_6.csv,svm,50,0.729285714,0.698007968,0.729285714,0.731071429,0.702724043,0.731071429,0.732857143,0.701516361,0.732857143,0.740714286,0.707336737,0.740714286,,,,
10,subsample_7.csv,svm,50,0.733928571,0.693541752,0.733928571,0.732142857,0.692370796,0.732142857,0.732142857,0.694376528,0.732142857,0.738809524,0.704073375,0.738809524,,,,
10,subsample_8.csv,svm,50,0.728928571,0.700591716,0.728928571,0.7275,0.701135919,0.7275,0.728214286,0.703775788,0.728214286,0.736190476,0.701669359,0.736190476,,,,
10,subsample_9.csv,svm,50,0.733571429,0.707680251,0.733571429,0.7325,0.704536489,0.7325,0.733214286,0.704859739,0.733214286,0.74452381,0.72536473,0.74452381,,,,
10,subsample_1.csv,svm,75,0.732142857,0.704724409,0.732142857,0.729285714,0.699444885,0.729285714,0.729642857,0.70019802,0.729642857,0.742142857,0.707059778,0.742142857,,,,
10,subsample_10.csv,svm,75,0.727142857,0.696825397,0.727142857,0.728214286,0.69813566,0.728214286,0.725714286,0.690572119,0.725714286,0.73547619,0.70078104,0.73547619,,,,
10,subsample_2.csv,svm,75,0.735,0.697882736,0.735,0.733928571,0.696784697,0.733928571,0.733571429,0.696254072,0.733571429,0.741428571,0.705531453,0.741428571,,,,
10,subsample_3.csv,svm,75,0.736428571,0.701214575,0.736428571,0.736071429,0.701655228,0.736071429,0.7375,0.701825558,0.7375,0.74547619,0.708957256,0.74547619,,,,
10,subsample_4.csv,svm,75,0.739285714,0.709163347,0.739285714,0.7375,0.706117553,0.7375,0.737142857,0.704654896,0.737142857,0.746666667,0.709923664,0.746666667,,,,
10,subsample_5.csv,svm,75,0.728571429,0.696485623,0.728571429,0.727142857,0.693172691,0.727142857,0.7275,0.693943041,0.7275,0.742857143,0.708737864,0.742857143,,,,
10,subsample_6.csv,svm,75,0.731071429,0.699641005,0.731071429,0.731785714,0.697543294,0.731785714,0.731071429,0.696737817,0.731071429,0.73952381,0.704324324,0.73952381,,,,
10,subsample_7.csv,svm,75,0.733214286,0.692466035,0.733214286,0.732857143,0.7008,0.732857143,0.732142857,0.699519231,0.732142857,0.739047619,0.70362358,0.739047619,,,,
10,subsample_8.csv,svm,75,0.7275,0.700901607,0.7275,0.73,0.706976744,0.73,0.727857143,0.701176471,0.727857143,0.737619048,0.703922622,0.737619048,,,,
10,subsample_9.csv,svm,75,0.736071429,0.71522158,0.736071429,0.734285714,0.710730949,0.734285714,0.7375,0.713450292,0.7375,0.742142857,0.706265256,0.742142857,,,,
10,subsample_1.csv,svm,90,0.729285714,0.700631912,0.729285714,0.730714286,0.699362041,0.730714286,0.730357143,0.698843239,0.730357143,0.740714286,0.704798048,0.740714286,,,,
10,subsample_10.csv,svm,90,0.726428571,0.696513471,0.726428571,0.7275,0.697342324,0.7275,0.728214286,0.69765594,0.728214286,0.73547619,0.700942127,0.73547619,,,,
10,subsample_2.csv,svm,90,0.734285714,0.69382716,0.734285714,0.734285714,0.69382716,0.734285714,0.733928571,0.697031314,0.733928571,0.741666667,0.706041723,0.741666667,,,,
10,subsample_3.csv,svm,90,0.736785714,0.697578991,0.736785714,0.736428571,0.703376206,0.736428571,0.736428571,0.703376206,0.736428571,0.74547619,0.708957256,0.74547619,,,,
10,subsample_4.csv,svm,90,0.738571429,0.709062003,0.738571429,0.7375,0.706117553,0.7375,0.736785714,0.706257473,0.736785714,0.746666667,0.709923664,0.746666667,,,,
10,subsample_5.csv,svm,90,0.725714286,0.687296417,0.725714286,0.727142857,0.693418941,0.727142857,0.728214286,0.694745287,0.728214286,0.741428571,0.705691057,0.741428571,,,,
10,subsample_6.csv,svm,90,0.7325,0.692402464,0.7325,0.730357143,0.696665327,0.730357143,0.730714286,0.696945338,0.730714286,0.739285714,0.703974047,0.739285714,,,,
10,subsample_7.csv,svm,90,0.732857143,0.692434211,0.732857143,0.733214286,0.692719046,0.733214286,0.733571429,0.693004115,0.733571429,0.739047619,0.70362358,0.739047619,,,,
10,subsample_8.csv,svm,90,0.728928571,0.702935421,0.728928571,0.728928571,0.702702703,0.728928571,0.729285714,0.70321065,0.729285714,0.737619048,0.703922622,0.737619048,,,,
10,subsample_9.csv,svm,90,0.730714286,0.691489362,0.730714286,0.735,0.715053763,0.735,0.735357143,0.713567839,0.735357143,0.742142857,0.706265256,0.742142857,,,,